mode	endpoint	train	test	n	accuracy_difference	ci_low	ci_high
task_negative	0	sharedreward	trust	178	-0.004213483146067416	-0.05758426966292135	0.04915730337078652
task_negative	1	trust	sharedreward	178	-0.09691011235955056	-0.14606741573033707	-0.047752808988764044
task_negative	2	sr_friend_stranger	trust_friend_stranger	178	0.03932584269662921	-0.007022471910112359	0.08567415730337079
task_negative	3	trust_friend_stranger	sr_friend_stranger	178	-0.03932584269662921	-0.08567415730337079	0.007022471910112359
task_negative	4	sharedreward	socialdoors	178	-0.05056179775280899	-0.11938202247191011	0.021067415730337078
task_negative	5	trust	socialdoors	178	-0.023876404494382022	-0.07724719101123595	0.02949438202247191
residualized	0	sharedreward	trust	178	-0.01544943820224719	-0.025316011235955022	-0.007022471910112359
residualized	1	trust	sharedreward	178	-0.008426966292134831	-0.026685393258426966	0.008426966292134831
residualized	2	sr_friend_stranger	trust_friend_stranger	178	-0.012640449438202247	-0.02949438202247191	0.004213483146067416
residualized	3	trust_friend_stranger	sr_friend_stranger	178	-0.0056179775280898875	-0.02247191011235955	0.011235955056179775
residualized	4	sharedreward	socialdoors	178	0.004213483146067416	-0.0056179775280898875	0.01544943820224719
residualized	5	trust	socialdoors	178	0.014044943820224719	-0.0056179775280898875	0.0351123595505618
