domain	measure	n	mean	ci_low	ci_high
sharedreward_positive	first_score	178	3622.2946642278735	3037.681366368345	4201.5040076112855
sharedreward_positive	second_score	178	4688.473742429352	4028.8326213216187	5349.83554016016
sharedreward_positive	signed_difference	178	-1066.1790782014778	-1643.5161751690664	-486.4496982783983
sharedreward_negative	first_score	178	4325.312583862248	3697.5995821252463	4957.622470833235
sharedreward_negative	second_score	178	5336.217050890596	4670.431857559167	6011.106472031955
sharedreward_negative	signed_difference	178	-1010.9044670283474	-1729.1867503415558	-311.5232512749285
trust_positive	first_score	178	-40.726502234854486	-229.70336322469385	145.74059253925142
trust_positive	second_score	178	1314.6133052325831	1080.543974549232	1541.8524795204994
trust_positive	signed_difference	178	-1355.3398074674371	-1587.001587940081	-1125.7010176872857
trust_negative	first_score	178	-267.86281888970314	-448.3848970896778	-85.50913484275166
trust_negative	second_score	178	1054.1711737569942	820.9156959657336	1281.34377513178
trust_negative	signed_difference	178	-1322.0339926466972	-1561.5489598731403	-1078.457163002061
socialdoors_positive	first_score	178	-5337.192098138021	-6154.621375935103	-4550.586915616702
socialdoors_positive	second_score	178	-3481.675514159487	-4337.674294334756	-2610.412079599946
socialdoors_positive	signed_difference	178	-1855.5165839785327	-2537.573835308169	-1205.510258537188
socialdoors_negative	first_score	178	-5165.923250353435	-5992.537569968354	-4350.034312261787
socialdoors_negative	second_score	178	-3147.99471322505	-3986.3304911772157	-2295.3529841322306
socialdoors_negative	signed_difference	178	-2017.9285371283847	-2685.597937468902	-1385.604510324163
sr_friend_stranger_positive	first_score	178	2935.799538226205	2195.613377641471	3665.0745501980673
sr_friend_stranger_positive	second_score	178	4308.7897969136175	3587.3224603262856	5030.640196199567
sr_friend_stranger_positive	signed_difference	178	-1372.9902586874123	-2240.6269278324803	-491.7557223048943
sr_friend_stranger_negative	first_score	178	3726.6106809971757	2927.2675294884125	4525.389936339202
sr_friend_stranger_negative	second_score	178	4924.014486665268	4237.8781382751995	5625.271172861302
sr_friend_stranger_negative	signed_difference	178	-1197.4038056680924	-1994.7408528476876	-412.50510153832846
trust_friend_stranger_positive	first_score	178	-552.1100447701456	-778.672348903171	-324.02567950818207
trust_friend_stranger_positive	second_score	178	470.65704079587033	244.32564685707214	701.7915996141597
trust_friend_stranger_positive	signed_difference	178	-1022.767085566016	-1276.416326180114	-776.2120686254832
trust_friend_stranger_negative	first_score	178	-1086.5156185161534	-1304.6188975669613	-862.7974760948373
trust_friend_stranger_negative	second_score	178	550.7899842805977	323.5145562246559	781.2088829374031
trust_friend_stranger_negative	signed_difference	178	-1637.305602796751	-1902.5797719066832	-1377.0848534521244
