comparison	fold_a	fold_b	spatial_r
task_negative_vs_outcome_social_context_haufe	1	1	-0.40623438681865526
task_negative_vs_outcome_social_context_haufe	2	2	-0.36967361486132877
task_negative_vs_outcome_social_context_haufe	3	3	-0.3385325053974069
task_negative_vs_outcome_social_context_haufe	4	4	-0.29632913676191813
task_negative_vs_outcome_social_context_haufe	5	5	-0.3927463680071683
DEV_display_task_negative_vs_haufe	0	0	-0.3655811474374114
cross_fold_task_negative	1	2	0.9860417690402202
cross_fold_task_negative	1	3	0.9894988456105173
cross_fold_task_negative	1	4	0.9858827999858282
cross_fold_task_negative	1	5	0.9897369126659602
cross_fold_task_negative	2	3	0.9870371967271576
cross_fold_task_negative	2	4	0.9847365633365361
cross_fold_task_negative	2	5	0.98742280475604
cross_fold_task_negative	3	4	0.9885969859587508
cross_fold_task_negative	3	5	0.9897139666641126
cross_fold_task_negative	4	5	0.9870315318033214
