mode	endpoint	train	test	role	n	accuracy	ci_low	ci_high	permutations	p_above_chance	p_two_sided	p_maxT_two_sided	null_mean	null_sd	null_q025	null_q975	unique_null_values	null_mean_mc_se	tail_probability_mc_low	tail_probability_mc_high	null_center_flag
original	0	sharedreward	trust	primary	178	0.824438202247191	0.7907303370786517	0.8567415730337079	500.0	0.001996007984031936	0.001996007984031936	0.001996007984031936	0.4995674157303371	0.0191579035931167	0.4606741573033708	0.534445224719101	64.0	0.0008567674948119281	0.0	0.007350610051907784	False
original	1	trust	sharedreward	primary	178	0.7064606741573034	0.6643258426966292	0.7471910112359551	500.0	0.001996007984031936	0.001996007984031936	0.001996007984031936	0.5010449438202247	0.02010086727955837	0.4592696629213483	0.5393258426966292	67.0	0.0008989381128758757	0.0	0.007350610051907784	False
original	2	sr_friend_stranger	trust_friend_stranger	secondary	178	0.7331460674157303	0.6938202247191011	0.7710674157303371													
original	3	trust_friend_stranger	sr_friend_stranger	secondary	178	0.6573033707865169	0.6151685393258427	0.699438202247191													
original	4	sharedreward	socialdoors	secondary_shared_task_context	178	0.7303370786516854	0.6825842696629213	0.7752808988764045													
original	5	trust	socialdoors	secondary_shared_task_context	178	0.7036516853932584	0.651685393258427	0.7556179775280899													
task_negative	0	sharedreward	trust	primary	178	0.8202247191011236	0.7780898876404494	0.8623595505617978	500.0	0.001996007984031936	0.001996007984031936	0.001996007984031936	0.5007640449438202	0.022539713296930244	0.4606741573033708	0.5449438202247191	46.0	0.0010080066225058384	0.0	0.007350610051907784	False
task_negative	1	trust	sharedreward	primary	178	0.6095505617977528	0.5589887640449438	0.6601123595505618	500.0	0.001996007984031936	0.001996007984031936	0.001996007984031936	0.5000505617977529	0.022495413251250214	0.4535814606741573	0.5533707865168539	44.0	0.0010060254642349005	0.0	0.007350610051907784	False
task_negative	2	sr_friend_stranger	trust_friend_stranger	secondary	178	0.7724719101123596	0.7275280898876404	0.8174157303370787													
task_negative	3	trust_friend_stranger	sr_friend_stranger	secondary	178	0.6179775280898876	0.5702247191011236	0.6657303370786517													
task_negative	4	sharedreward	socialdoors	secondary_shared_task_context	178	0.6797752808988764	0.6235955056179775	0.7387640449438202													
task_negative	5	trust	socialdoors	secondary_shared_task_context	178	0.6797752808988764	0.6235955056179775	0.7387640449438202													
residualized	0	sharedreward	trust	primary	178	0.8089887640449438	0.773876404494382	0.8427317415730331	500.0	0.001996007984031936	0.001996007984031936	0.001996007984031936	0.4997696629213483	0.019502897667069263	0.46207865168539325	0.5351123595505618	65.0	0.0008721960988357786	0.0	0.007350610051907784	False
residualized	1	trust	sharedreward	primary	178	0.6980337078651685	0.6573033707865169	0.7387640449438202	500.0	0.001996007984031936	0.001996007984031936	0.001996007984031936	0.5008314606741573	0.020122246650206257	0.46207865168539325	0.540063202247191	69.0	0.0008998942273975724	0.0	0.007350610051907784	False
residualized	2	sr_friend_stranger	trust_friend_stranger	secondary	178	0.7205056179775281	0.6811797752808989	0.7584269662921348													
residualized	3	trust_friend_stranger	sr_friend_stranger	secondary	178	0.651685393258427	0.6123595505617978	0.6910112359550562													
residualized	4	sharedreward	socialdoors	secondary_shared_task_context	178	0.7345505617977528	0.6882022471910112	0.7794943820224719													
residualized	5	trust	socialdoors	secondary_shared_task_context	178	0.7176966292134831	0.6671348314606742	0.7668539325842697													
