family	train_tasks	test_task	scope	chance	analysis	n	n_correct	accuracy	ci_low	ci_high	binomial_p	mean_margin	median_margin	margin_ci_low	margin_ci_high	ties	holm_p_binary_family
social_reward	sharedreward	sharedreward	pairwise	0.5	social_reward:sharedreward:sharedreward:pairwise	178	89	0.5	0.42428080319190353	0.5757191968080964	1.0	0.00014405338354986081	0.002211290298131538	-0.0727881658490639	0.07446320783994442	0	1.0
social_reward	sharedreward	trust	pairwise	0.5	social_reward:sharedreward:trust:pairwise	178	102	0.5730337078651685	0.49685442343959263	0.6467392666563165	0.06064937703927806	0.16705326083249405	0.1912388441843893	-0.019130479140345703	0.35570379700653826	0	0.9097406555891708
social_reward	sharedreward	socialdoors	pairwise	0.5	social_reward:sharedreward:socialdoors:pairwise	178	82	0.4606741573033708	0.3858450931851673	0.5368347571027887	0.3298754764930281	-0.15707115235939464	-0.07678604018151565	-0.49193446882091213	0.16704076258858017	0	1.0
social_reward	trust	sharedreward	pairwise	0.5	social_reward:trust:sharedreward:pairwise	178	96	0.5393258426966292	0.4631652428972112	0.6141549068148326	0.3298754764930281	0.02639489106767222	0.018368187599027898	-0.007727559833786913	0.0600249761459196	0	1.0
social_reward	trust	trust	pairwise	0.5	social_reward:trust:trust:pairwise	178	95	0.5337078651685393	0.45758280386221467	0.608691653318613	0.40973607358085473	0.04166254321486148	0.028293550173934673	-0.03296186408692569	0.11851834789698192	0	1.0
social_reward	trust	socialdoors	pairwise	0.5	social_reward:trust:socialdoors:pairwise	178	96	0.5393258426966292	0.4631652428972112	0.6141549068148326	0.3298754764930281	0.12741541365946804	0.1320621597656828	-0.011557385909781464	0.2698945537021216	0	1.0
social_reward	socialdoors	sharedreward	pairwise	0.5	social_reward:socialdoors:sharedreward:pairwise	178	83	0.46629213483146065	0.39130834668138703	0.5424171961377855	0.40973607358085473	-0.012104590172898564	-0.007436117190951408	-0.031243712929632274	0.007124863051467526	0	1.0
social_reward	socialdoors	trust	pairwise	0.5	social_reward:socialdoors:trust:pairwise	178	94	0.5280898876404494	0.4520095610368168	0.6032191836330913	0.5000546060016111	0.031223909193820922	0.01886010068071238	-0.020424178346100597	0.0822788906485989	0	1.0
social_reward	socialdoors	socialdoors	pairwise	0.5	social_reward:socialdoors:socialdoors:pairwise	178	98	0.550561797752809	0.47435779693105984	0.6250536641660429	0.20246043236353417	0.0968927845972254	0.11439690623419604	0.013388726344531574	0.18167686391728086	0	1.0
social_reward	trust+socialdoors	sharedreward	lopo	0.5	social_reward:trust+socialdoors:sharedreward:lopo	178	90	0.5056179775280899	0.42980825623652164	0.5812375058992665	0.9402799587020467	0.008852373492584492	0.0004806271871010911	-0.02434045515499829	0.042348417830282675	0	1.0
social_reward	sharedreward+socialdoors	trust	lopo	0.5	social_reward:sharedreward+socialdoors:trust:lopo	178	98	0.550561797752809	0.47435779693105984	0.6250536641660429	0.20246043236353417	0.09143306244972509	0.09335586110601499	-0.054478940706646696	0.24127209738216643	0	1.0
social_reward	sharedreward+trust	socialdoors	lopo	0.5	social_reward:sharedreward+trust:socialdoors:lopo	178	92	0.5168539325842697	0.44089059791567436	0.5922466753094711	0.707947851762438	-0.01606252039272125	0.07110057326242675	-0.3032658230651619	0.2612099259057775	0	1.0
social_reward	sharedreward+trust+socialdoors	sharedreward	common	0.5	social_reward:sharedreward+trust+socialdoors:sharedreward:common	178	89	0.5	0.42428080319190353	0.5757191968080964	1.0	-0.014707288020894818	-0.0001424078080690394	-0.07467270234421738	0.04751354246573097	0	1.0
social_reward	sharedreward+trust+socialdoors	trust	common	0.5	social_reward:sharedreward+trust+socialdoors:trust:common	178	100	0.5617977528089888	0.485587433883457	0.6359152169737936	0.11523195131755465	0.09665956379235889	0.15007055639286157	-0.04758148923903322	0.24164903447949587	0	1.0
social_reward	sharedreward+trust+socialdoors	socialdoors	common	0.5	social_reward:sharedreward+trust+socialdoors:socialdoors:common	178	94	0.5280898876404494	0.4520095610368168	0.6032191836330913	0.5000546060016111	0.07711551752542847	0.12880979917417779	-0.19861488504156274	0.3502835466774889	0	1.0
social_context	sharedreward	sharedreward	pairwise	0.5	social_context:sharedreward:sharedreward:pairwise	178	171	0.9606741573033708	0.9206549275149566	0.9840451542078694	5.423236218441511e-42	1.1473046715746409	1.064526817489271	1.039318450460558	1.257844967754836	0	8.134854327662266e-41
social_context	sharedreward	trust	pairwise	0.5	social_context:sharedreward:trust:pairwise	178	171	0.9606741573033708	0.9206549275149566	0.9840451542078694	5.423236218441511e-42	2.183069580901576	2.043850427133297	1.9561872278674783	2.412219635323034	0	8.134854327662266e-41
social_context	sharedreward	socialdoors	pairwise	0.5	social_context:sharedreward:socialdoors:pairwise	178	82	0.4606741573033708	0.3858450931851673	0.5368347571027887	0.3298754764930281	-0.6880396787559291	-0.539097768391299	-1.7169726309955724	0.38220312689605623	0	0.6597509529860562
social_context	trust	sharedreward	pairwise	0.5	social_context:trust:sharedreward:pairwise	178	158	0.8876404494382022	0.8318133003276277	0.9300016968520999	8.24826005172645e-28	0.38372764706728096	0.3996744816054838	0.3325043876032743	0.43604449645109206	0	6.59860804138116e-27
social_context	trust	trust	pairwise	0.5	social_context:trust:trust:pairwise	178	167	0.9382022471910112	0.8921185436226969	0.968750149300865	5.800311145216799e-37	1.3589097529962926	1.287267085648803	1.227684728613209	1.488877538236313	0	5.800311145216799e-36
social_context	trust	socialdoors	pairwise	0.5	social_context:trust:socialdoors:pairwise	178	128	0.7191011235955056	0.6469752810210286	0.7837714664785662	4.48517899619176e-09	1.39514789375628	1.2237619618034117	1.0064473317596438	1.7905131554373377	0	1.794071598476704e-08
social_context	socialdoors	sharedreward	pairwise	0.5	social_context:socialdoors:sharedreward:pairwise	178	122	0.6853932584269663	0.6116862073856216	0.7528019991472279	8.37168228774634e-07	0.034034022904099	0.037873840054706454	0.02361422013151325	0.04450856787639018	0	2.511504686323902e-06
social_context	socialdoors	trust	pairwise	0.5	social_context:socialdoors:trust:pairwise	178	150	0.8426966292134831	0.7807400140376414	0.8928561122891246	2.2890355796571063e-21	0.1863508782443854	0.1747036319075777	0.15865572513048176	0.21424881102771323	0	1.6023249057599743e-20
social_context	socialdoors	socialdoors	pairwise	0.5	social_context:socialdoors:socialdoors:pairwise	178	168	0.9438202247191011	0.8991120239667655	0.9727340455778081	3.7725811794621017e-38	1.3324294832394565	1.3507588938217587	1.2029008521007012	1.4587289615364138	0	4.149839297408312e-37
social_context	trust+socialdoors	sharedreward	lopo	0.5	social_context:trust+socialdoors:sharedreward:lopo	178	146	0.8202247191011236	0.7557957265127909	0.8736646141847254	1.3418844578239762e-18	0.3185752273713959	0.33050404244229387	0.27170194632865885	0.36574754564674167	0	8.051306746943856e-18
social_context	sharedreward+socialdoors	trust	lopo	0.5	social_context:sharedreward+socialdoors:trust:lopo	178	170	0.9550561797752809	0.9133658654820518	0.9803995403807192	1.1665636106301007e-40	2.1564713027465126	1.9261496721949527	1.933155605374128	2.3809851057438665	0	1.516532693819131e-39
social_context	sharedreward+trust	socialdoors	lopo	0.5	social_context:sharedreward+trust:socialdoors:lopo	178	87	0.4887640449438202	0.4132533323296199	0.5646551466928271	0.8221669881349831	-0.2618378230307615	-0.07330662288452228	-1.2235637730906033	0.7188375380398032	0	0.8221669881349831
social_context	sharedreward+trust+socialdoors	sharedreward	common	0.5	social_context:sharedreward+trust+socialdoors:sharedreward:common	178	170	0.9550561797752809	0.9133658654820518	0.9803995403807192	1.1665636106301007e-40	0.9886465188408998	0.9746635064295279	0.8955242673672468	1.082913133678818	0	1.516532693819131e-39
social_context	sharedreward+trust+socialdoors	trust	common	0.5	social_context:sharedreward+trust+socialdoors:trust:common	178	167	0.9382022471910112	0.8921185436226969	0.968750149300865	5.800311145216799e-37	2.177365227611935	1.9804916043995031	1.9628466811444536	2.3963747450735027	0	5.800311145216799e-36
social_context	sharedreward+trust+socialdoors	socialdoors	common	0.5	social_context:sharedreward+trust+socialdoors:socialdoors:common	178	138	0.7752808988764045	0.70681692819965	0.8343417112147645	8.056220979612148e-14	3.481908351910117	3.1703867310397573	2.698326850222523	4.269986427182765	0	4.028110489806074e-13
