model	fold_a	fold_b	r
reward_task-sharedreward	1	1	1.0
reward_task-sharedreward	1	2	0.7293871995887321
reward_task-sharedreward	1	3	0.734007434551343
reward_task-sharedreward	1	4	0.7546004956008506
reward_task-sharedreward	1	5	0.7348837578947597
reward_task-sharedreward	2	1	0.729387199588732
reward_task-sharedreward	2	2	1.0
reward_task-sharedreward	2	3	0.7291438391326752
reward_task-sharedreward	2	4	0.7314993372737391
reward_task-sharedreward	2	5	0.7155610346755825
reward_task-sharedreward	3	1	0.7340074345513431
reward_task-sharedreward	3	2	0.7291438391326752
reward_task-sharedreward	3	3	0.9999999999999999
reward_task-sharedreward	3	4	0.7478840120924296
reward_task-sharedreward	3	5	0.7214039296383337
reward_task-sharedreward	4	1	0.7546004956008507
reward_task-sharedreward	4	2	0.7314993372737392
reward_task-sharedreward	4	3	0.7478840120924297
reward_task-sharedreward	4	4	1.0
reward_task-sharedreward	4	5	0.7356435986884131
reward_task-sharedreward	5	1	0.7348837578947597
reward_task-sharedreward	5	2	0.7155610346755824
reward_task-sharedreward	5	3	0.7214039296383338
reward_task-sharedreward	5	4	0.735643598688413
reward_task-sharedreward	5	5	1.0
reward_task-trust	1	1	1.0
reward_task-trust	1	2	0.7405882084838153
reward_task-trust	1	3	0.7614096047671829
reward_task-trust	1	4	0.765107445939233
reward_task-trust	1	5	0.7599839563798653
reward_task-trust	2	1	0.7405882084838153
reward_task-trust	2	2	1.0
reward_task-trust	2	3	0.6996661132220892
reward_task-trust	2	4	0.7167727547086697
reward_task-trust	2	5	0.7032171918829243
reward_task-trust	3	1	0.7614096047671829
reward_task-trust	3	2	0.6996661132220893
reward_task-trust	3	3	0.9999999999999998
reward_task-trust	3	4	0.7418794915697533
reward_task-trust	3	5	0.7230555781058856
reward_task-trust	4	1	0.765107445939233
reward_task-trust	4	2	0.7167727547086696
reward_task-trust	4	3	0.7418794915697533
reward_task-trust	4	4	1.0
reward_task-trust	4	5	0.7391405074796168
reward_task-trust	5	1	0.7599839563798652
reward_task-trust	5	2	0.7032171918829242
reward_task-trust	5	3	0.7230555781058855
reward_task-trust	5	4	0.7391405074796167
reward_task-trust	5	5	1.0
reward_task-socialdoors	1	1	1.0
reward_task-socialdoors	1	2	0.7416161925743725
reward_task-socialdoors	1	3	0.7606512098112579
reward_task-socialdoors	1	4	0.750733977765105
reward_task-socialdoors	1	5	0.7239293293538905
reward_task-socialdoors	2	1	0.7416161925743725
reward_task-socialdoors	2	2	1.0
reward_task-socialdoors	2	3	0.734813193560248
reward_task-socialdoors	2	4	0.727252830965142
reward_task-socialdoors	2	5	0.7016968704267554
reward_task-socialdoors	3	1	0.7606512098112579
reward_task-socialdoors	3	2	0.734813193560248
reward_task-socialdoors	3	3	1.0
reward_task-socialdoors	3	4	0.7453952783747051
reward_task-socialdoors	3	5	0.7258173371058602
reward_task-socialdoors	4	1	0.750733977765105
reward_task-socialdoors	4	2	0.727252830965142
reward_task-socialdoors	4	3	0.745395278374705
reward_task-socialdoors	4	4	0.9999999999999999
reward_task-socialdoors	4	5	0.7206101849322261
reward_task-socialdoors	5	1	0.7239293293538904
reward_task-socialdoors	5	2	0.7016968704267554
reward_task-socialdoors	5	3	0.7258173371058602
reward_task-socialdoors	5	4	0.7206101849322262
reward_task-socialdoors	5	5	1.0
reward_lopo-sharedreward	1	1	1.0
reward_lopo-sharedreward	1	2	0.7210117930440622
reward_lopo-sharedreward	1	3	0.7523274192407129
reward_lopo-sharedreward	1	4	0.7561523945480909
reward_lopo-sharedreward	1	5	0.7384533191768043
reward_lopo-sharedreward	2	1	0.7210117930440622
reward_lopo-sharedreward	2	2	0.9999999999999999
reward_lopo-sharedreward	2	3	0.7002878505416179
reward_lopo-sharedreward	2	4	0.7061891983530199
reward_lopo-sharedreward	2	5	0.6918458299639383
reward_lopo-sharedreward	3	1	0.752327419240713
reward_lopo-sharedreward	3	2	0.7002878505416178
reward_lopo-sharedreward	3	3	0.9999999999999999
reward_lopo-sharedreward	3	4	0.7345035491726281
reward_lopo-sharedreward	3	5	0.7155498788380373
reward_lopo-sharedreward	4	1	0.7561523945480908
reward_lopo-sharedreward	4	2	0.7061891983530197
reward_lopo-sharedreward	4	3	0.7345035491726281
reward_lopo-sharedreward	4	4	1.0
reward_lopo-sharedreward	4	5	0.722274669020865
reward_lopo-sharedreward	5	1	0.7384533191768045
reward_lopo-sharedreward	5	2	0.6918458299639383
reward_lopo-sharedreward	5	3	0.7155498788380373
reward_lopo-sharedreward	5	4	0.722274669020865
reward_lopo-sharedreward	5	5	1.0
reward_lopo-trust	1	1	1.0
reward_lopo-trust	1	2	0.7156867867870053
reward_lopo-trust	1	3	0.7271680618806282
reward_lopo-trust	1	4	0.7375073868879223
reward_lopo-trust	1	5	0.7223912955388384
reward_lopo-trust	2	1	0.7156867867870051
reward_lopo-trust	2	2	0.9999999999999999
reward_lopo-trust	2	3	0.7207276499187145
reward_lopo-trust	2	4	0.7202918722883871
reward_lopo-trust	2	5	0.7071533721093859
reward_lopo-trust	3	1	0.7271680618806283
reward_lopo-trust	3	2	0.7207276499187145
reward_lopo-trust	3	3	1.0
reward_lopo-trust	3	4	0.744833196208681
reward_lopo-trust	3	5	0.7182317791040576
reward_lopo-trust	4	1	0.7375073868879223
reward_lopo-trust	4	2	0.7202918722883871
reward_lopo-trust	4	3	0.744833196208681
reward_lopo-trust	4	4	0.9999999999999999
reward_lopo-trust	4	5	0.7243419650565662
reward_lopo-trust	5	1	0.7223912955388384
reward_lopo-trust	5	2	0.7071533721093859
reward_lopo-trust	5	3	0.7182317791040576
reward_lopo-trust	5	4	0.7243419650565662
reward_lopo-trust	5	5	1.0
reward_lopo-socialdoors	1	1	0.9999999999999999
reward_lopo-socialdoors	1	2	0.7330247147903938
reward_lopo-socialdoors	1	3	0.7176374914867477
reward_lopo-socialdoors	1	4	0.7507061213771921
reward_lopo-socialdoors	1	5	0.7298815595608585
reward_lopo-socialdoors	2	1	0.7330247147903938
reward_lopo-socialdoors	2	2	1.0
reward_lopo-socialdoors	2	3	0.707072202391719
reward_lopo-socialdoors	2	4	0.7241040868672868
reward_lopo-socialdoors	2	5	0.7085232567565567
reward_lopo-socialdoors	3	1	0.7176374914867477
reward_lopo-socialdoors	3	2	0.707072202391719
reward_lopo-socialdoors	3	3	1.0
reward_lopo-socialdoors	3	4	0.7237084373041112
reward_lopo-socialdoors	3	5	0.7015728053030891
reward_lopo-socialdoors	4	1	0.7507061213771921
reward_lopo-socialdoors	4	2	0.7241040868672868
reward_lopo-socialdoors	4	3	0.7237084373041112
reward_lopo-socialdoors	4	4	1.0
reward_lopo-socialdoors	4	5	0.734032786644707
reward_lopo-socialdoors	5	1	0.7298815595608585
reward_lopo-socialdoors	5	2	0.7085232567565568
reward_lopo-socialdoors	5	3	0.701572805303089
reward_lopo-socialdoors	5	4	0.734032786644707
reward_lopo-socialdoors	5	5	0.9999999999999999
common_reward_signature	1	1	1.0
common_reward_signature	1	2	0.7194621127367617
common_reward_signature	1	3	0.7173264626272202
common_reward_signature	1	4	0.7402696399172254
common_reward_signature	1	5	0.717715328325972
common_reward_signature	2	1	0.7194621127367617
common_reward_signature	2	2	0.9999999999999999
common_reward_signature	2	3	0.7012173082193086
common_reward_signature	2	4	0.7124980257982487
common_reward_signature	2	5	0.6977423210500855
common_reward_signature	3	1	0.7173264626272202
common_reward_signature	3	2	0.7012173082193086
common_reward_signature	3	3	1.0
common_reward_signature	3	4	0.7247744692769152
common_reward_signature	3	5	0.6978106935163716
common_reward_signature	4	1	0.7402696399172253
common_reward_signature	4	2	0.7124980257982487
common_reward_signature	4	3	0.7247744692769152
common_reward_signature	4	4	1.0
common_reward_signature	4	5	0.7222564629108015
common_reward_signature	5	1	0.717715328325972
common_reward_signature	5	2	0.6977423210500856
common_reward_signature	5	3	0.6978106935163716
common_reward_signature	5	4	0.7222564629108015
common_reward_signature	5	5	1.0
decision_task-trust	1	1	1.0
decision_task-trust	1	2	0.8451715893136603
decision_task-trust	1	3	0.8686614488713079
decision_task-trust	1	4	0.8387947274832785
decision_task-trust	1	5	0.771812597344209
decision_task-trust	2	1	0.8451715893136603
decision_task-trust	2	2	1.0
decision_task-trust	2	3	0.859048547515591
decision_task-trust	2	4	0.8308333004538772
decision_task-trust	2	5	0.7486480531233892
decision_task-trust	3	1	0.868661448871308
decision_task-trust	3	2	0.859048547515591
decision_task-trust	3	3	1.0
decision_task-trust	3	4	0.8520748760478174
decision_task-trust	3	5	0.7886763075122486
decision_task-trust	4	1	0.8387947274832787
decision_task-trust	4	2	0.8308333004538772
decision_task-trust	4	3	0.8520748760478174
decision_task-trust	4	4	1.0
decision_task-trust	4	5	0.7472204516733659
decision_task-trust	5	1	0.771812597344209
decision_task-trust	5	2	0.7486480531233893
decision_task-trust	5	3	0.7886763075122486
decision_task-trust	5	4	0.7472204516733659
decision_task-trust	5	5	0.9999999999999998
decision_task-socialdoors	1	1	1.0
decision_task-socialdoors	1	2	0.8900095268824191
decision_task-socialdoors	1	3	0.9081005642704837
decision_task-socialdoors	1	4	0.8795720949258208
decision_task-socialdoors	1	5	0.7828183475493455
decision_task-socialdoors	2	1	0.8900095268824191
decision_task-socialdoors	2	2	1.0
decision_task-socialdoors	2	3	0.8933900693255465
decision_task-socialdoors	2	4	0.8682782836397094
decision_task-socialdoors	2	5	0.7747781471261651
decision_task-socialdoors	3	1	0.9081005642704837
decision_task-socialdoors	3	2	0.8933900693255465
decision_task-socialdoors	3	3	1.0
decision_task-socialdoors	3	4	0.88746773343581
decision_task-socialdoors	3	5	0.7998876259845129
decision_task-socialdoors	4	1	0.8795720949258208
decision_task-socialdoors	4	2	0.8682782836397095
decision_task-socialdoors	4	3	0.8874677334358101
decision_task-socialdoors	4	4	1.0
decision_task-socialdoors	4	5	0.7747955145212422
decision_task-socialdoors	5	1	0.7828183475493455
decision_task-socialdoors	5	2	0.7747781471261651
decision_task-socialdoors	5	3	0.7998876259845129
decision_task-socialdoors	5	4	0.7747955145212422
decision_task-socialdoors	5	5	1.0
common_decision_signature	1	1	1.0
common_decision_signature	1	2	0.849683084083993
common_decision_signature	1	3	0.8722893856307278
common_decision_signature	1	4	0.8410166436384071
common_decision_signature	1	5	0.7609104481603601
common_decision_signature	2	1	0.849683084083993
common_decision_signature	2	2	1.0
common_decision_signature	2	3	0.8662272455295863
common_decision_signature	2	4	0.8348938477748646
common_decision_signature	2	5	0.7393226366183562
common_decision_signature	3	1	0.8722893856307278
common_decision_signature	3	2	0.8662272455295863
common_decision_signature	3	3	1.0
common_decision_signature	3	4	0.8568041788498845
common_decision_signature	3	5	0.7707567906657833
common_decision_signature	4	1	0.8410166436384071
common_decision_signature	4	2	0.8348938477748646
common_decision_signature	4	3	0.8568041788498846
common_decision_signature	4	4	1.0
common_decision_signature	4	5	0.737626405376369
common_decision_signature	5	1	0.76091044816036
common_decision_signature	5	2	0.7393226366183563
common_decision_signature	5	3	0.7707567906657832
common_decision_signature	5	4	0.7376264053763689
common_decision_signature	5	5	1.0
