policy	partition	task_set	before_n	pass_n	qc_outlier_n	unknown_qc_n	unavailable_input_n
tsnr_coverage_fd	development	sharedreward	211	188	23	0	0
tsnr_coverage_fd	development	trust	211	188	23	0	0
tsnr_coverage_fd	development	socialdoors	211	196	15	0	0
tsnr_coverage_fd	development	doors	211	194	17	0	0
tsnr_coverage_fd	development	sharedreward_trust	211	176	35	0	0
tsnr_coverage_fd	development	all_three_reward_paradigms	211	166	45	0	0
tsnr_coverage_fd	holdout	sharedreward	50	40	10	0	0
tsnr_coverage_fd	holdout	trust	50	42	8	0	0
tsnr_coverage_fd	holdout	socialdoors	50	43	7	0	0
tsnr_coverage_fd	holdout	doors	50	39	11	0	0
tsnr_coverage_fd	holdout	sharedreward_trust	50	38	12	0	0
tsnr_coverage_fd	holdout	all_three_reward_paradigms	50	36	14	0	0
tsnr_coverage_fd	locked_total	sharedreward	261	228	33	0	0
tsnr_coverage_fd	locked_total	trust	261	230	31	0	0
tsnr_coverage_fd	locked_total	socialdoors	261	239	22	0	0
tsnr_coverage_fd	locked_total	doors	261	233	28	0	0
tsnr_coverage_fd	locked_total	sharedreward_trust	261	214	47	0	0
tsnr_coverage_fd	locked_total	all_three_reward_paradigms	261	202	59	0	0
tsnr_coverage_fd	outside_locked_cohort	sharedreward	91	71	14	0	6
tsnr_coverage_fd	outside_locked_cohort	trust	91	23	8	0	60
tsnr_coverage_fd	outside_locked_cohort	socialdoors	91	65	10	0	16
tsnr_coverage_fd	outside_locked_cohort	doors	91	66	9	0	16
tsnr_coverage_fd	outside_locked_cohort	sharedreward_trust	91	20	7	0	64
tsnr_coverage_fd	outside_locked_cohort	all_three_reward_paradigms	91	10	5	0	76
prior_four_metric_policy	development	sharedreward	211	167	44	0	0
prior_four_metric_policy	development	trust	211	165	46	0	0
prior_four_metric_policy	development	socialdoors	211	186	25	0	0
prior_four_metric_policy	development	doors	211	180	31	0	0
prior_four_metric_policy	development	sharedreward_trust	211	152	59	0	0
prior_four_metric_policy	development	all_three_reward_paradigms	211	139	72	0	0
prior_four_metric_policy	holdout	sharedreward	50	37	13	0	0
prior_four_metric_policy	holdout	trust	50	37	13	0	0
prior_four_metric_policy	holdout	socialdoors	50	40	10	0	0
prior_four_metric_policy	holdout	doors	50	36	14	0	0
prior_four_metric_policy	holdout	sharedreward_trust	50	33	17	0	0
prior_four_metric_policy	holdout	all_three_reward_paradigms	50	31	19	0	0
prior_four_metric_policy	locked_total	sharedreward	261	204	57	0	0
prior_four_metric_policy	locked_total	trust	261	202	59	0	0
prior_four_metric_policy	locked_total	socialdoors	261	226	35	0	0
prior_four_metric_policy	locked_total	doors	261	216	45	0	0
prior_four_metric_policy	locked_total	sharedreward_trust	261	185	76	0	0
prior_four_metric_policy	locked_total	all_three_reward_paradigms	261	170	91	0	0
prior_four_metric_policy	outside_locked_cohort	sharedreward	91	66	19	0	6
prior_four_metric_policy	outside_locked_cohort	trust	91	22	9	0	60
prior_four_metric_policy	outside_locked_cohort	socialdoors	91	61	14	0	16
prior_four_metric_policy	outside_locked_cohort	doors	91	66	9	0	16
prior_four_metric_policy	outside_locked_cohort	sharedreward_trust	91	19	8	0	64
prior_four_metric_policy	outside_locked_cohort	all_three_reward_paradigms	91	9	6	0	76
