flag	value	n	action
tsnr_outlier	FALSE	2652	descriptive_only
tsnr_outlier	TRUE	2	descriptive_only
fd_mean_outlier	FALSE	2493	descriptive_only
fd_mean_outlier	TRUE	161	descriptive_only
tedana_outlier	FALSE	2443	descriptive_only
tedana_outlier	TRUE	211	descriptive_only
brain_coverage_outlier	FALSE	2548	descriptive_only
brain_coverage_outlier	TRUE	106	descriptive_only
imaging_qc_outlier	FALSE	2213	descriptive_only
imaging_qc_outlier	TRUE	441	descriptive_only
qc_status	pass	2213	descriptive_only
qc_status	outlier	441	descriptive_only
