train_family	train_tasks	test_family	test_task	model_scope	analysis	n	n_correct	accuracy	ci_low	ci_high	binomial_p	mean_margin	median_margin	margin_ci_low	margin_ci_high	ties
reward	sharedreward	reward	sharedreward	pairwise	reward:pairwise:sharedreward->reward:sharedreward	211	108	0.5118483412322274	0.44228170898489766	0.5810774231989416	0.7831087298262328	-0.018836984275665374	0.021215745832018462	-0.09377261391164254	0.05658183881100584	0
reward	sharedreward	reward	trust	pairwise	reward:pairwise:sharedreward->reward:trust	211	110	0.5213270142180095	0.4516673077189609	0.5903791139883456	0.5819149929677926	0.0871299146590502	0.08779122517647864	-0.09085144363047332	0.2577153582212137	0
reward	sharedreward	reward	socialdoors	pairwise	reward:pairwise:sharedreward->reward:socialdoors	211	97	0.4597156398104265	0.3910897041544991	0.5294893913871747	0.2706461520303747	-0.08500213132994157	-0.25761789303297844	-0.3984151622356448	0.23402444550895124	0
reward	trust	reward	sharedreward	pairwise	reward:pairwise:trust->reward:sharedreward	211	104	0.4928909952606635	0.42358242043722855	0.5624020987091977	0.8905312928839951	-0.0023706625223286234	-0.002078181622686054	-0.036700769495743135	0.03300228162935927	0
reward	trust	reward	trust	pairwise	reward:pairwise:trust->reward:trust	211	109	0.5165876777251185	0.4469715097782907	0.5857312698744038	0.679664780215053	0.07216453187282923	0.040140535748077535	-0.005688748832083467	0.1538118786375331	0
reward	trust	reward	socialdoors	pairwise	reward:pairwise:trust->reward:socialdoors	211	115	0.5450236966824644	0.47523650984290955	0.6135279859991373	0.2151859234465802	0.08621155518173594	0.08845273574030266	-0.05047965411745516	0.22433462997812223	0
reward	socialdoors	reward	sharedreward	pairwise	reward:pairwise:socialdoors->reward:sharedreward	211	109	0.5165876777251185	0.4469715097782907	0.5857312698744038	0.679664780215053	-0.00824165236114502	0.005015391947239517	-0.026910836475268436	0.010407381106928876	0
reward	socialdoors	reward	trust	pairwise	reward:pairwise:socialdoors->reward:trust	211	109	0.5165876777251185	0.4469715097782907	0.5857312698744038	0.679664780215053	0.012355529243196486	0.011811678412218002	-0.03588321132775612	0.06084318040221319	0
reward	socialdoors	reward	socialdoors	pairwise	reward:pairwise:socialdoors->reward:socialdoors	211	124	0.5876777251184834	0.5180443645982158	0.6548115778936903	0.013012554152295776	0.10564501576974218	0.09119622821495815	0.022139246274456313	0.18791485195154303	0
