fold	model_a	model_b	r
0	reward_task-sharedreward	reward_task-sharedreward	1.0
0	reward_task-sharedreward	reward_task-trust	0.01228958002074567
0	reward_task-sharedreward	reward_task-socialdoors	-0.014269685943928018
0	reward_task-sharedreward	common_reward_signature	0.813682041403607
0	reward_task-sharedreward	decision_task-trust	-0.0015554949360477629
0	reward_task-sharedreward	decision_task-socialdoors	-0.010160496287161997
0	reward_task-sharedreward	common_decision_signature	-0.0039814319234807985
0	reward_task-trust	reward_task-sharedreward	0.01228958002074567
0	reward_task-trust	reward_task-trust	1.0
0	reward_task-trust	reward_task-socialdoors	0.012356091676732357
0	reward_task-trust	common_reward_signature	0.3513454479892522
0	reward_task-trust	decision_task-trust	-0.025545591651736217
0	reward_task-trust	decision_task-socialdoors	-0.020564670060735556
0	reward_task-trust	common_decision_signature	-0.027321235062949888
0	reward_task-socialdoors	reward_task-sharedreward	-0.014269685943928018
0	reward_task-socialdoors	reward_task-trust	0.012356091676732357
0	reward_task-socialdoors	reward_task-socialdoors	1.0
0	reward_task-socialdoors	common_reward_signature	0.23294545499902172
0	reward_task-socialdoors	decision_task-trust	-0.05975501237016249
0	reward_task-socialdoors	decision_task-socialdoors	-0.07085850681183184
0	reward_task-socialdoors	common_decision_signature	-0.059760446121449935
0	common_reward_signature	reward_task-sharedreward	0.813682041403607
0	common_reward_signature	reward_task-trust	0.35134544798925227
0	common_reward_signature	reward_task-socialdoors	0.23294545499902175
0	common_reward_signature	common_reward_signature	1.0
0	common_reward_signature	decision_task-trust	-0.013204954685986859
0	common_reward_signature	decision_task-socialdoors	-0.024922870318034362
0	common_reward_signature	common_decision_signature	-0.01839200821185808
0	decision_task-trust	reward_task-sharedreward	-0.0015554949360477629
0	decision_task-trust	reward_task-trust	-0.02554559165173622
0	decision_task-trust	reward_task-socialdoors	-0.05975501237016249
0	decision_task-trust	common_reward_signature	-0.01320495468598686
0	decision_task-trust	decision_task-trust	1.0
0	decision_task-trust	decision_task-socialdoors	0.3013813610893343
0	decision_task-trust	common_decision_signature	0.9374759232191509
0	decision_task-socialdoors	reward_task-sharedreward	-0.010160496287161997
0	decision_task-socialdoors	reward_task-trust	-0.020564670060735556
0	decision_task-socialdoors	reward_task-socialdoors	-0.07085850681183184
0	decision_task-socialdoors	common_reward_signature	-0.024922870318034362
0	decision_task-socialdoors	decision_task-trust	0.3013813610893343
0	decision_task-socialdoors	decision_task-socialdoors	1.0
0	decision_task-socialdoors	common_decision_signature	0.4831239819756337
0	common_decision_signature	reward_task-sharedreward	-0.0039814319234807985
0	common_decision_signature	reward_task-trust	-0.027321235062949884
0	common_decision_signature	reward_task-socialdoors	-0.059760446121449935
0	common_decision_signature	common_reward_signature	-0.01839200821185808
0	common_decision_signature	decision_task-trust	0.9374759232191509
0	common_decision_signature	decision_task-socialdoors	0.4831239819756337
0	common_decision_signature	common_decision_signature	1.0
1	reward_task-sharedreward	reward_task-sharedreward	1.0
1	reward_task-sharedreward	reward_task-trust	0.0035711954606828192
1	reward_task-sharedreward	reward_task-socialdoors	0.0076007163187104786
1	reward_task-sharedreward	common_reward_signature	0.8180915331959305
1	reward_task-sharedreward	decision_task-trust	-0.01716421400673218
1	reward_task-sharedreward	decision_task-socialdoors	-0.007690303099367126
1	reward_task-sharedreward	common_decision_signature	-0.014059513477942098
1	reward_task-trust	reward_task-sharedreward	0.0035711954606828192
1	reward_task-trust	reward_task-trust	1.0
1	reward_task-trust	reward_task-socialdoors	0.01212171962207462
1	reward_task-trust	common_reward_signature	0.35715978044737773
1	reward_task-trust	decision_task-trust	-0.0297200174655568
1	reward_task-trust	decision_task-socialdoors	-0.02178920316910397
1	reward_task-trust	common_decision_signature	-0.03211676770968415
1	reward_task-socialdoors	reward_task-sharedreward	0.007600716318710478
1	reward_task-socialdoors	reward_task-trust	0.012121719622074619
1	reward_task-socialdoors	reward_task-socialdoors	1.0
1	reward_task-socialdoors	common_reward_signature	0.23901975170316267
1	reward_task-socialdoors	decision_task-trust	-0.04902102296541938
1	reward_task-socialdoors	decision_task-socialdoors	-0.053458460567671236
1	reward_task-socialdoors	common_decision_signature	-0.04959567936765641
1	common_reward_signature	reward_task-sharedreward	0.8180915331959305
1	common_reward_signature	reward_task-trust	0.35715978044737773
1	common_reward_signature	reward_task-socialdoors	0.23901975170316267
1	common_reward_signature	common_reward_signature	1.0
1	common_reward_signature	decision_task-trust	-0.026073109539935118
1	common_reward_signature	decision_task-socialdoors	-0.02271258470209394
1	common_reward_signature	common_decision_signature	-0.028181312033245098
1	decision_task-trust	reward_task-sharedreward	-0.017164214006732178
1	decision_task-trust	reward_task-trust	-0.029720017465556803
1	decision_task-trust	reward_task-socialdoors	-0.04902102296541938
1	decision_task-trust	common_reward_signature	-0.02607310953993512
1	decision_task-trust	decision_task-trust	1.0
1	decision_task-trust	decision_task-socialdoors	0.2864366941445065
1	decision_task-trust	common_decision_signature	0.9368589906862932
1	decision_task-socialdoors	reward_task-sharedreward	-0.007690303099367127
1	decision_task-socialdoors	reward_task-trust	-0.02178920316910397
1	decision_task-socialdoors	reward_task-socialdoors	-0.053458460567671236
1	decision_task-socialdoors	common_reward_signature	-0.02271258470209394
1	decision_task-socialdoors	decision_task-trust	0.2864366941445065
1	decision_task-socialdoors	decision_task-socialdoors	1.0
1	decision_task-socialdoors	common_decision_signature	0.482040620268694
1	common_decision_signature	reward_task-sharedreward	-0.014059513477942098
1	common_decision_signature	reward_task-trust	-0.03211676770968414
1	common_decision_signature	reward_task-socialdoors	-0.04959567936765641
1	common_decision_signature	common_reward_signature	-0.0281813120332451
1	common_decision_signature	decision_task-trust	0.9368589906862932
1	common_decision_signature	decision_task-socialdoors	0.48204062026869404
1	common_decision_signature	common_decision_signature	1.0
2	reward_task-sharedreward	reward_task-sharedreward	1.0
2	reward_task-sharedreward	reward_task-trust	0.009765221601227001
2	reward_task-sharedreward	reward_task-socialdoors	-0.0009749262802723515
2	reward_task-sharedreward	common_reward_signature	0.8251913370696148
2	reward_task-sharedreward	decision_task-trust	-0.004691144417138895
2	reward_task-sharedreward	decision_task-socialdoors	-0.013554226504791293
2	reward_task-sharedreward	common_decision_signature	-0.005885869781418153
2	reward_task-trust	reward_task-sharedreward	0.009765221601227001
2	reward_task-trust	reward_task-trust	1.0
2	reward_task-trust	reward_task-socialdoors	0.02745223482767848
2	reward_task-trust	common_reward_signature	0.34563809465854545
2	reward_task-trust	decision_task-trust	-0.03374946828325394
2	reward_task-trust	decision_task-socialdoors	-0.0150686251934827
2	reward_task-trust	common_decision_signature	-0.035731596028490166
2	reward_task-socialdoors	reward_task-sharedreward	-0.0009749262802723515
2	reward_task-socialdoors	reward_task-trust	0.027452234827678484
2	reward_task-socialdoors	reward_task-socialdoors	1.0
2	reward_task-socialdoors	common_reward_signature	0.23200123650270338
2	reward_task-socialdoors	decision_task-trust	-0.05695179405446528
2	reward_task-socialdoors	decision_task-socialdoors	-0.05418435863381953
2	reward_task-socialdoors	common_decision_signature	-0.054568522708938645
2	common_reward_signature	reward_task-sharedreward	0.8251913370696149
2	common_reward_signature	reward_task-trust	0.34563809465854545
2	common_reward_signature	reward_task-socialdoors	0.23200123650270335
2	common_reward_signature	common_reward_signature	0.9999999999999999
2	common_reward_signature	decision_task-trust	-0.01779782877337732
2	common_reward_signature	decision_task-socialdoors	-0.023233913496358134
2	common_reward_signature	common_decision_signature	-0.019469456120535508
2	decision_task-trust	reward_task-sharedreward	-0.004691144417138895
2	decision_task-trust	reward_task-trust	-0.03374946828325394
2	decision_task-trust	reward_task-socialdoors	-0.05695179405446527
2	decision_task-trust	common_reward_signature	-0.01779782877337732
2	decision_task-trust	decision_task-trust	1.0
2	decision_task-trust	decision_task-socialdoors	0.30221814323481727
2	decision_task-trust	common_decision_signature	0.9356204448334435
2	decision_task-socialdoors	reward_task-sharedreward	-0.013554226504791295
2	decision_task-socialdoors	reward_task-trust	-0.015068625193482699
2	decision_task-socialdoors	reward_task-socialdoors	-0.05418435863381953
2	decision_task-socialdoors	common_reward_signature	-0.02323391349635813
2	decision_task-socialdoors	decision_task-trust	0.30221814323481727
2	decision_task-socialdoors	decision_task-socialdoors	1.0
2	decision_task-socialdoors	common_decision_signature	0.49187722630354835
2	common_decision_signature	reward_task-sharedreward	-0.0058858697814181534
2	common_decision_signature	reward_task-trust	-0.035731596028490166
2	common_decision_signature	reward_task-socialdoors	-0.054568522708938645
2	common_decision_signature	common_reward_signature	-0.019469456120535508
2	common_decision_signature	decision_task-trust	0.9356204448334435
2	common_decision_signature	decision_task-socialdoors	0.49187722630354835
2	common_decision_signature	common_decision_signature	1.0
3	reward_task-sharedreward	reward_task-sharedreward	0.9999999999999999
3	reward_task-sharedreward	reward_task-trust	0.04129849267771924
3	reward_task-sharedreward	reward_task-socialdoors	-0.02441084364929379
3	reward_task-sharedreward	common_reward_signature	0.8288179831557606
3	reward_task-sharedreward	decision_task-trust	-0.004542474667187821
3	reward_task-sharedreward	decision_task-socialdoors	-0.014127434833891712
3	reward_task-sharedreward	common_decision_signature	-0.007398130564112809
3	reward_task-trust	reward_task-sharedreward	0.04129849267771924
3	reward_task-trust	reward_task-trust	0.9999999999999998
3	reward_task-trust	reward_task-socialdoors	0.013262359695234868
3	reward_task-trust	common_reward_signature	0.35295575066737095
3	reward_task-trust	decision_task-trust	-0.024264477226367966
3	reward_task-trust	decision_task-socialdoors	-0.009309619329591678
3	reward_task-trust	common_decision_signature	-0.024235497475963538
3	reward_task-socialdoors	reward_task-sharedreward	-0.02441084364929379
3	reward_task-socialdoors	reward_task-trust	0.013262359695234866
3	reward_task-socialdoors	reward_task-socialdoors	1.0
3	reward_task-socialdoors	common_reward_signature	0.23127735301958455
3	reward_task-socialdoors	decision_task-trust	-0.050198100375198916
3	reward_task-socialdoors	decision_task-socialdoors	-0.07565132424387293
3	reward_task-socialdoors	common_decision_signature	-0.05573668521836652
3	common_reward_signature	reward_task-sharedreward	0.8288179831557607
3	common_reward_signature	reward_task-trust	0.35295575066737095
3	common_reward_signature	reward_task-socialdoors	0.23127735301958455
3	common_reward_signature	common_reward_signature	1.0
3	common_reward_signature	decision_task-trust	-0.021745675057996076
3	common_reward_signature	decision_task-socialdoors	-0.022981793512466934
3	common_reward_signature	common_decision_signature	-0.025261789093686073
3	decision_task-trust	reward_task-sharedreward	-0.00454247466718782
3	decision_task-trust	reward_task-trust	-0.024264477226367966
3	decision_task-trust	reward_task-socialdoors	-0.050198100375198916
3	decision_task-trust	common_reward_signature	-0.021745675057996072
3	decision_task-trust	decision_task-trust	1.0
3	decision_task-trust	decision_task-socialdoors	0.3006688257812121
3	decision_task-trust	common_decision_signature	0.9358377106857194
3	decision_task-socialdoors	reward_task-sharedreward	-0.01412743483389171
3	decision_task-socialdoors	reward_task-trust	-0.00930961932959168
3	decision_task-socialdoors	reward_task-socialdoors	-0.07565132424387293
3	decision_task-socialdoors	common_reward_signature	-0.022981793512466934
3	decision_task-socialdoors	decision_task-trust	0.3006688257812121
3	decision_task-socialdoors	decision_task-socialdoors	1.0
3	decision_task-socialdoors	common_decision_signature	0.4843122711957027
3	common_decision_signature	reward_task-sharedreward	-0.00739813056411281
3	common_decision_signature	reward_task-trust	-0.024235497475963534
3	common_decision_signature	reward_task-socialdoors	-0.05573668521836652
3	common_decision_signature	common_reward_signature	-0.025261789093686076
3	common_decision_signature	decision_task-trust	0.9358377106857193
3	common_decision_signature	decision_task-socialdoors	0.48431227119570264
3	common_decision_signature	common_decision_signature	1.0
4	reward_task-sharedreward	reward_task-sharedreward	1.0
4	reward_task-sharedreward	reward_task-trust	0.021509270091528598
4	reward_task-sharedreward	reward_task-socialdoors	-0.015834612912445638
4	reward_task-sharedreward	common_reward_signature	0.8224765333211586
4	reward_task-sharedreward	decision_task-trust	0.011547912240788659
4	reward_task-sharedreward	decision_task-socialdoors	0.014816480654840987
4	reward_task-sharedreward	common_decision_signature	0.012922536401855242
4	reward_task-trust	reward_task-sharedreward	0.021509270091528598
4	reward_task-trust	reward_task-trust	1.0
4	reward_task-trust	reward_task-socialdoors	0.0089490926742428
4	reward_task-trust	common_reward_signature	0.3534942570474274
4	reward_task-trust	decision_task-trust	-0.029388633092969258
4	reward_task-trust	decision_task-socialdoors	-0.027835950243359688
4	reward_task-trust	common_decision_signature	-0.029147084442896667
4	reward_task-socialdoors	reward_task-sharedreward	-0.015834612912445638
4	reward_task-socialdoors	reward_task-trust	0.0089490926742428
4	reward_task-socialdoors	reward_task-socialdoors	0.9999999999999999
4	reward_task-socialdoors	common_reward_signature	0.22728437657827724
4	reward_task-socialdoors	decision_task-trust	-0.06826960411605879
4	reward_task-socialdoors	decision_task-socialdoors	-0.060841071955740324
4	reward_task-socialdoors	common_decision_signature	-0.06090355698457927
4	common_reward_signature	reward_task-sharedreward	0.8224765333211587
4	common_reward_signature	reward_task-trust	0.3534942570474274
4	common_reward_signature	reward_task-socialdoors	0.22728437657827727
4	common_reward_signature	common_reward_signature	1.0
4	common_reward_signature	decision_task-trust	-0.005050832685733082
4	common_reward_signature	decision_task-socialdoors	-0.009995273313095658
4	common_reward_signature	common_decision_signature	-0.006159597919477603
4	decision_task-trust	reward_task-sharedreward	0.011547912240788657
4	decision_task-trust	reward_task-trust	-0.029388633092969258
4	decision_task-trust	reward_task-socialdoors	-0.0682696041160588
4	decision_task-trust	common_reward_signature	-0.005050832685733082
4	decision_task-trust	decision_task-trust	1.0
4	decision_task-trust	decision_task-socialdoors	0.2859659156551298
4	decision_task-trust	common_decision_signature	0.9352547283799745
4	decision_task-socialdoors	reward_task-sharedreward	0.014816480654840989
4	decision_task-socialdoors	reward_task-trust	-0.02783595024335969
4	decision_task-socialdoors	reward_task-socialdoors	-0.06084107195574033
4	decision_task-socialdoors	common_reward_signature	-0.009995273313095658
4	decision_task-socialdoors	decision_task-trust	0.28596591565512974
4	decision_task-socialdoors	decision_task-socialdoors	1.0
4	decision_task-socialdoors	common_decision_signature	0.47531714031292177
4	common_decision_signature	reward_task-sharedreward	0.01292253640185524
4	common_decision_signature	reward_task-trust	-0.029147084442896664
4	common_decision_signature	reward_task-socialdoors	-0.06090355698457926
4	common_decision_signature	common_reward_signature	-0.006159597919477603
4	common_decision_signature	decision_task-trust	0.9352547283799745
4	common_decision_signature	decision_task-socialdoors	0.4753171403129218
4	common_decision_signature	common_decision_signature	1.0
5	reward_task-sharedreward	reward_task-sharedreward	1.0
5	reward_task-sharedreward	reward_task-trust	0.013372301281387292
5	reward_task-sharedreward	reward_task-socialdoors	-0.018095409960745896
5	reward_task-sharedreward	common_reward_signature	0.8242199148381718
5	reward_task-sharedreward	decision_task-trust	-0.01506590863561416
5	reward_task-sharedreward	decision_task-socialdoors	-0.01936216864421526
5	reward_task-sharedreward	common_decision_signature	-0.014739257517330568
5	reward_task-trust	reward_task-sharedreward	0.013372301281387292
5	reward_task-trust	reward_task-trust	1.0
5	reward_task-trust	reward_task-socialdoors	0.003158147437648549
5	reward_task-trust	common_reward_signature	0.35375634575137355
5	reward_task-trust	decision_task-trust	-0.039137983086347916
5	reward_task-trust	decision_task-socialdoors	-0.027253304795116534
5	reward_task-trust	common_decision_signature	-0.038973199195714174
5	reward_task-socialdoors	reward_task-sharedreward	-0.018095409960745896
5	reward_task-socialdoors	reward_task-trust	0.003158147437648549
5	reward_task-socialdoors	reward_task-socialdoors	1.0
5	reward_task-socialdoors	common_reward_signature	0.22667186604824557
5	reward_task-socialdoors	decision_task-trust	-0.07207385062677395
5	reward_task-socialdoors	decision_task-socialdoors	-0.08416829364713961
5	reward_task-socialdoors	common_decision_signature	-0.07912060711874098
5	common_reward_signature	reward_task-sharedreward	0.8242199148381719
5	common_reward_signature	reward_task-trust	0.3537563457513735
5	common_reward_signature	reward_task-socialdoors	0.2266718660482456
5	common_reward_signature	common_reward_signature	1.0
5	common_reward_signature	decision_task-trust	-0.02477165578509166
5	common_reward_signature	decision_task-socialdoors	-0.032736991868023334
5	common_reward_signature	common_decision_signature	-0.02988388427135588
5	decision_task-trust	reward_task-sharedreward	-0.01506590863561416
5	decision_task-trust	reward_task-trust	-0.039137983086347916
5	decision_task-trust	reward_task-socialdoors	-0.07207385062677395
5	decision_task-trust	common_reward_signature	-0.02477165578509166
5	decision_task-trust	decision_task-trust	0.9999999999999998
5	decision_task-trust	decision_task-socialdoors	0.356811468098947
5	decision_task-trust	common_decision_signature	0.9551256383297437
5	decision_task-socialdoors	reward_task-sharedreward	-0.01936216864421526
5	decision_task-socialdoors	reward_task-trust	-0.02725330479511653
5	decision_task-socialdoors	reward_task-socialdoors	-0.08416829364713961
5	decision_task-socialdoors	common_reward_signature	-0.032736991868023334
5	decision_task-socialdoors	decision_task-trust	0.3568114680989469
5	decision_task-socialdoors	decision_task-socialdoors	1.0
5	decision_task-socialdoors	common_decision_signature	0.5021572589621394
5	common_decision_signature	reward_task-sharedreward	-0.014739257517330568
5	common_decision_signature	reward_task-trust	-0.038973199195714174
5	common_decision_signature	reward_task-socialdoors	-0.07912060711874098
5	common_decision_signature	common_reward_signature	-0.02988388427135588
5	common_decision_signature	decision_task-trust	0.9551256383297438
5	common_decision_signature	decision_task-socialdoors	0.5021572589621395
5	common_decision_signature	common_decision_signature	1.0
