tasks	n
sharedreward	0
trust	292
socialdoors	336
doors	336
ugr	316
sharedreward+trust	0
sharedreward+socialdoors	0
sharedreward+doors	0
sharedreward+ugr	0
trust+socialdoors	280
trust+doors	281
trust+ugr	271
socialdoors+doors	334
socialdoors+ugr	306
doors+ugr	307
sharedreward+trust+socialdoors	0
sharedreward+trust+doors	0
sharedreward+trust+ugr	0
sharedreward+socialdoors+doors	0
sharedreward+socialdoors+ugr	0
sharedreward+doors+ugr	0
trust+socialdoors+doors	279
trust+socialdoors+ugr	265
trust+doors+ugr	266
socialdoors+doors+ugr	305
sharedreward+trust+socialdoors+doors	0
sharedreward+trust+socialdoors+ugr	0
sharedreward+trust+doors+ugr	0
sharedreward+socialdoors+doors+ugr	0
trust+socialdoors+doors+ugr	264
sharedreward+trust+socialdoors+doors+ugr	0
