model	mean_off_diagonal	min_off_diagonal	max_off_diagonal
reward_task-sharedreward	0.7334014639136859	0.7155610346755825	0.7546004956008506
reward_task-trust	0.7350820852539035	0.6996661132220892	0.765107445939233
reward_task-socialdoors	0.7332516404869562	0.7016968704267554	0.7606512098112579
reward_lopo-sharedreward	0.7238595901899776	0.6918458299639383	0.7561523945480909
reward_lopo-trust	0.7238333365780186	0.7071533721093859	0.744833196208681
reward_lopo-socialdoors	0.7230263462482662	0.7015728053030891	0.7507061213771921
common_reward_signature	0.7151072824378911	0.6977423210500855	0.7402696399172254
decision_task-trust	0.8150941899338745	0.7472204516733659	0.8686614488713079
decision_task-socialdoors	0.8459097907661055	0.7747781471261651	0.9081005642704837
common_decision_signature	0.8129530666328332	0.737626405376369	0.8722893856307278
