mode	train	test	n	accuracy	ci_low	ci_high	ci_method	permutations	p_above_chance	p_two_sided	p_maxT_two_sided	null_mean	null_sd	null_q025	null_q975	unique_null_values	null_mean_mc_se	tail_probability_mc_low	tail_probability_mc_high	null_center_flag
legacy	sharedreward	trust	178	0.8581460674157303	0.827247191011236	0.8876404494382022	paired participant bootstrap of fixed OOF correctness; four valence cells per person	500	0.001996007984031936	0.001996007984031936	0.001996007984031936	0.5005814606741572	0.020092415837922074	0.4606741573033708	0.5386587078651685	71	0.0008985601529157431	0.0	0.007350610051907784	False
legacy	sharedreward	socialdoors	178	0.45646067415730335	0.3960674157303371	0.5182584269662921	paired participant bootstrap of fixed OOF correctness; four valence cells per person	500	0.9620758483033932	0.07385229540918163	0.8982035928143712	0.49966853932584276	0.023507585377755404	0.45291432584269664	0.5470856741573034	82	0.0010512911778308232	0.9412927095367715	0.9769692291937524	False
legacy	trust	sharedreward	178	0.7935393258426966	0.7542134831460674	0.8328651685393258	paired participant bootstrap of fixed OOF correctness; four valence cells per person	500	0.001996007984031936	0.001996007984031936	0.001996007984031936	0.5010112359550561	0.020645290987798274	0.45853230337078654	0.5442766853932584	78	0.0009232854812796144	0.0	0.007350610051907784	False
legacy	trust	socialdoors	178	0.7036516853932584	0.6502808988764045	0.7556179775280899	paired participant bootstrap of fixed OOF correctness; four valence cells per person	500	0.001996007984031936	0.001996007984031936	0.001996007984031936	0.5012331460674158	0.02473423449828254	0.4550561797752809	0.550561797752809	85	0.0011061485941916032	0.0	0.007350610051907784	False
legacy	socialdoors	sharedreward	178	0.625	0.5800561797752809	0.6699438202247191	paired participant bootstrap of fixed OOF correctness; four valence cells per person	500	0.001996007984031936	0.001996007984031936	0.001996007984031936	0.5018174157303371	0.023012308715929214	0.45853230337078654	0.5491573033707865	80	0.0010291417321605723	0.0	0.007350610051907784	False
legacy	socialdoors	trust	178	0.7724719101123596	0.7303370786516854	0.8117977528089888	paired participant bootstrap of fixed OOF correctness; four valence cells per person	500	0.001996007984031936	0.001996007984031936	0.001996007984031936	0.5000955056179776	0.023942596004975406	0.4515098314606742	0.5484901685393258	85	0.001070745444498798	0.0	0.007350610051907784	False
legacy	socialdoors	socialdoors	178	0.9311797752808989	0.8974719101123596	0.9606741573033708	paired participant bootstrap of fixed OOF correctness; four valence cells per person	500	0.001996007984031936	0.001996007984031936	0.001996007984031936	0.5012949438202248	0.03820027059508159	0.425561797752809	0.5753160112359549	121	0.0017083680361897754	0.0	0.007350610051907784	False
legacy	sr_friend_stranger	trust_friend_stranger	178	0.7991573033707865	0.7654494382022472	0.8314606741573034	paired participant bootstrap of fixed OOF correctness; four valence cells per person	500	0.001996007984031936	0.001996007984031936	0.001996007984031936	0.4990393258426966	0.020097803022265052	0.4606741573033708	0.5365168539325843	70	0.0008988010751237075	0.0	0.007350610051907784	False
legacy	trust_friend_stranger	sr_friend_stranger	178	0.7008426966292135	0.6573033707865169	0.7429775280898876	paired participant bootstrap of fixed OOF correctness; four valence cells per person	500	0.001996007984031936	0.001996007984031936	0.001996007984031936	0.4989831460674158	0.019410387750249596	0.4613412921348315	0.534445224719101	70	0.0008680589295837461	0.0	0.007350610051907784	False
outcome	sharedreward	trust	178	0.824438202247191	0.7907303370786517	0.8567415730337079	paired participant bootstrap of fixed OOF correctness; four valence cells per person	500	0.001996007984031936	0.001996007984031936	0.001996007984031936	0.4995674157303371	0.019157903593116688	0.4606741573033708	0.534445224719101	64	0.0008567674948119277	0.0	0.007350610051907784	False
outcome	sharedreward	socialdoors	178	0.7303370786516854	0.6825842696629213	0.776685393258427	paired participant bootstrap of fixed OOF correctness; four valence cells per person	500	0.001996007984031936	0.001996007984031936	0.001996007984031936	0.50211797752809	0.022932220509464054	0.4557233146067416	0.5470856741573034	80	0.0010255600786835295	0.0	0.007350610051907784	False
outcome	trust	sharedreward	178	0.7064606741573034	0.6643258426966292	0.7471910112359551	paired participant bootstrap of fixed OOF correctness; four valence cells per person	500	0.001996007984031936	0.001996007984031936	0.001996007984031936	0.5010449438202247	0.02010086727955836	0.4592696629213483	0.5393258426966292	67	0.0008989381128758753	0.0	0.007350610051907784	False
outcome	trust	socialdoors	178	0.7036516853932584	0.6502808988764045	0.7556179775280899	paired participant bootstrap of fixed OOF correctness; four valence cells per person	500	0.001996007984031936	0.001996007984031936	0.001996007984031936	0.5012331460674158	0.02473423449828254	0.4550561797752809	0.550561797752809	85	0.0011061485941916032	0.0	0.007350610051907784	False
outcome	socialdoors	sharedreward	178	0.6643258426966292	0.6207865168539326	0.7064606741573034	paired participant bootstrap of fixed OOF correctness; four valence cells per person	500	0.001996007984031936	0.001996007984031936	0.001996007984031936	0.5016797752808989	0.023455956334642286	0.4557233146067416	0.5470856741573034	86	0.001048982256830539	0.0	0.007350610051907784	False
outcome	socialdoors	trust	178	0.7724719101123596	0.7317415730337079	0.8132022471910112	paired participant bootstrap of fixed OOF correctness; four valence cells per person	500	0.001996007984031936	0.001996007984031936	0.001996007984031936	0.5000955056179776	0.023942596004975406	0.4515098314606742	0.5484901685393258	85	0.001070745444498798	0.0	0.007350610051907784	False
outcome	socialdoors	socialdoors	178	0.9311797752808989	0.8974719101123596	0.9606741573033708	paired participant bootstrap of fixed OOF correctness; four valence cells per person	500	0.001996007984031936	0.001996007984031936	0.001996007984031936	0.5012949438202248	0.03820027059508159	0.425561797752809	0.5753160112359549	121	0.0017083680361897754	0.0	0.007350610051907784	False
outcome	sr_friend_stranger	trust_friend_stranger	178	0.7331460674157303	0.6938202247191011	0.7724719101123596	paired participant bootstrap of fixed OOF correctness; four valence cells per person	500	0.001996007984031936	0.001996007984031936	0.001996007984031936	0.49966292134831464	0.01981903562540043	0.4592696629213483	0.5379915730337078	73	0.0008863342181377084	0.0	0.007350610051907784	False
outcome	trust_friend_stranger	sr_friend_stranger	178	0.6573033707865169	0.6151685393258427	0.6980688202247185	paired participant bootstrap of fixed OOF correctness; four valence cells per person	500	0.001996007984031936	0.001996007984031936	0.001996007984031936	0.49799157303370784	0.019394764627768814	0.45786516853932585	0.5337078651685393	67	0.0008673602423059895	0.0	0.007350610051907784	False
dmn_only	sharedreward	trust	178	0.7345505617977528	0.6966292134831461	0.7696980337078646	paired participant bootstrap of fixed OOF correctness; four valence cells per person	500	0.001996007984031936	0.001996007984031936	0.001996007984031936	0.49984550561797747	0.01981043202299232	0.459936797752809	0.5365168539325843	71	0.00088594945334099	0.0	0.007350610051907784	False
dmn_only	sharedreward	socialdoors	178	0.5533707865168539	0.5014044943820225	0.6039325842696629	paired participant bootstrap of fixed OOF correctness; four valence cells per person	500	0.013972055888223553	0.015968063872255488	0.688622754491018	0.5016601123595505	0.022972132852259845	0.4606741573033708	0.5470856741573034	76	0.001027345012916183	0.004416172285801643	0.025934927265336975	False
dmn_only	trust	sharedreward	178	0.6544943820224719	0.6151685393258427	0.6938202247191011	paired participant bootstrap of fixed OOF correctness; four valence cells per person	500	0.001996007984031936	0.001996007984031936	0.001996007984031936	0.500938202247191	0.0196837071722023	0.46274578651685394	0.540063202247191	71	0.00088028214572489	0.0	0.007350610051907784	False
dmn_only	trust	socialdoors	178	0.6109550561797753	0.5561797752808989	0.6629213483146067	paired participant bootstrap of fixed OOF correctness; four valence cells per person	500	0.001996007984031936	0.001996007984031936	0.005988023952095809	0.5003595505617977	0.02426352393216735	0.45431882022471914	0.5533707865168539	86	0.0010850977777203837	0.0	0.007350610051907784	False
dmn_only	socialdoors	sharedreward	178	0.5969101123595506	0.5519662921348315	0.6418539325842697	paired participant bootstrap of fixed OOF correctness; four valence cells per person	500	0.001996007984031936	0.001996007984031936	0.027944111776447105	0.50088202247191	0.02200877783876849	0.4556530898876405	0.5463483146067416	75	0.000984262466983545	0.0	0.007350610051907784	False
dmn_only	socialdoors	trust	178	0.6362359550561798	0.5870786516853933	0.6853932584269663	paired participant bootstrap of fixed OOF correctness; four valence cells per person	500	0.001996007984031936	0.001996007984031936	0.001996007984031936	0.49930056179775284	0.022855903007299762	0.4557233146067416	0.5414676966292135	81	0.0010221470562292827	0.0	0.007350610051907784	False
dmn_only	socialdoors	socialdoors	178	0.8637640449438202	0.8258426966292135	0.898876404494382	paired participant bootstrap of fixed OOF correctness; four valence cells per person	500	0.001996007984031936	0.001996007984031936	0.001996007984031936	0.499626404494382	0.03509178553299696	0.4318469101123596	0.5674859550561797	107	0.0015693523580724976	0.0	0.007350610051907784	False
dmn_only	sr_friend_stranger	trust_friend_stranger	178	0.6938202247191011	0.6544943820224719	0.7317415730337079	paired participant bootstrap of fixed OOF correctness; four valence cells per person	500	0.001996007984031936	0.001996007984031936	0.001996007984031936	0.4991713483146068	0.018293894593633335	0.4648876404494382	0.5351825842696628	63	0.0008181278376916005	0.0	0.007350610051907784	False
dmn_only	trust_friend_stranger	sr_friend_stranger	178	0.6053370786516854	0.5646067415730337	0.6446629213483146	paired participant bootstrap of fixed OOF correctness; four valence cells per person	500	0.001996007984031936	0.001996007984031936	0.015968063872255488	0.49860674157303375	0.019369822770288456	0.46207865168539325	0.5393258426966292	69	0.0008662448085297656	0.0	0.007350610051907784	False
dmn_excluded	sharedreward	trust	178	0.8047752808988764	0.7682584269662921	0.8398876404494382	paired participant bootstrap of fixed OOF correctness; four valence cells per person	500	0.001996007984031936	0.001996007984031936	0.001996007984031936	0.49985393258426963	0.020228427802136094	0.46207865168539325	0.5379213483146067	69	0.0009046427928704594	0.0	0.007350610051907784	False
dmn_excluded	sharedreward	socialdoors	178	0.7387640449438202	0.6910112359550562	0.7837078651685393	paired participant bootstrap of fixed OOF correctness; four valence cells per person	500	0.001996007984031936	0.001996007984031936	0.001996007984031936	0.5008483146067416	0.023082102094319573	0.45365168539325845	0.5435393258426966	85	0.0010322629869297766	0.0	0.007350610051907784	False
dmn_excluded	trust	sharedreward	178	0.6924157303370787	0.6502808988764045	0.7345505617977528	paired participant bootstrap of fixed OOF correctness; four valence cells per person	500	0.001996007984031936	0.001996007984031936	0.001996007984031936	0.5008623595505618	0.02077677199771126	0.459936797752809	0.5393258426966292	74	0.0009291654907979297	0.0	0.007350610051907784	False
dmn_excluded	trust	socialdoors	178	0.6952247191011236	0.6432584269662921	0.7457865168539326	paired participant bootstrap of fixed OOF correctness; four valence cells per person	500	0.001996007984031936	0.001996007984031936	0.001996007984031936	0.5003595505617977	0.02421361780328733	0.4501053370786517	0.5470856741573034	86	0.001082865907786992	0.0	0.007350610051907784	False
dmn_excluded	socialdoors	sharedreward	178	0.6657303370786517	0.6221910112359551	0.7078651685393258	paired participant bootstrap of fixed OOF correctness; four valence cells per person	500	0.001996007984031936	0.001996007984031936	0.001996007984031936	0.5017275280898876	0.022931839713199394	0.4508426966292135	0.5491573033707865	81	0.0010255430489568625	0.0	0.007350610051907784	False
dmn_excluded	socialdoors	trust	178	0.7485955056179775	0.7036516853932584	0.7921348314606742	paired participant bootstrap of fixed OOF correctness; four valence cells per person	500	0.001996007984031936	0.001996007984031936	0.001996007984031936	0.5000842696629213	0.02385132466565103	0.4557233146067416	0.5463483146067416	84	0.0010666636661162629	0.0	0.007350610051907784	False
dmn_excluded	socialdoors	socialdoors	178	0.9325842696629213	0.898876404494382	0.9620786516853933	paired participant bootstrap of fixed OOF correctness; four valence cells per person	500	0.001996007984031936	0.001996007984031936	0.001996007984031936	0.500626404494382	0.038259499461241825	0.4241573033707865	0.577317415730337	119	0.001711016831609066	0.0	0.007350610051907784	False
dmn_excluded	sr_friend_stranger	trust_friend_stranger	178	0.7092696629213483	0.6685393258426966	0.7485955056179775	paired participant bootstrap of fixed OOF correctness; four valence cells per person	500	0.001996007984031936	0.001996007984031936	0.001996007984031936	0.5003370786516854	0.020283326787413587	0.4606741573033708	0.5393258426966292	69	0.0009070979501299841	0.0	0.007350610051907784	False
dmn_excluded	trust_friend_stranger	sr_friend_stranger	178	0.648876404494382	0.6095505617977528	0.6867977528089888	paired participant bootstrap of fixed OOF correctness; four valence cells per person	500	0.001996007984031936	0.001996007984031936	0.001996007984031936	0.4987949438202247	0.019289957323694318	0.4592696629213483	0.5379213483146067	67	0.0008626731171770081	0.0	0.007350610051907784	False
generic	sharedreward	trust	178	0.5084269662921348	0.45224719101123595	0.5646067415730337	paired participant bootstrap of fixed OOF correctness; four valence cells per person	500	0.28542914171656686	0.5788423153692615	1.0	0.500314606741573	0.019060503547019627	0.45786516853932585	0.5421348314606742	39	0.0008524116323302349	0.24485192538238448	0.3257239997147238	False
generic	sharedreward	socialdoors	178	0.46629213483146065	0.40168539325842695	0.5308988764044944	paired participant bootstrap of fixed OOF correctness; four valence cells per person	500	0.9500998003992016	0.1277445109780439	0.9900199600798403	0.49989325842696625	0.022474822349630042	0.4521067415730337	0.5464185393258426	48	0.0010051046111200863	0.927072378349521	0.9673848198506699	False
generic	trust	sharedreward	178	0.6039325842696629	0.5533707865168539	0.6544943820224719	paired participant bootstrap of fixed OOF correctness; four valence cells per person	500	0.001996007984031936	0.001996007984031936	0.017964071856287425	0.500191011235955	0.021638707262748105	0.4591994382022472	0.5421348314606742	44	0.0009677124076944633	0.0	0.007350610051907784	False
generic	trust	socialdoors	178	0.550561797752809	0.4859550561797753	0.6123595505617978	paired participant bootstrap of fixed OOF correctness; four valence cells per person	500	0.05189620758483034	0.08582834331337326	0.7844311377245509	0.5006516853932584	0.02673758685908853	0.44662921348314605	0.5561797752808989	52	0.001195741235424541	0.03261518014933005	0.07292762165047896	False
generic	socialdoors	sharedreward	178	0.6264044943820225	0.5758426966292135	0.6769662921348315	paired participant bootstrap of fixed OOF correctness; four valence cells per person	500	0.001996007984031936	0.001996007984031936	0.001996007984031936	0.5013314606741572	0.0245503201387434	0.4507724719101123	0.550561797752809	48	0.001097923693992246	0.0	0.007350610051907784	False
generic	socialdoors	trust	178	0.7471910112359551	0.6966292134831461	0.7949438202247191	paired participant bootstrap of fixed OOF correctness; four valence cells per person	500	0.001996007984031936	0.001996007984031936	0.001996007984031936	0.49807865168539334	0.02873548041907208	0.4438202247191011	0.550561797752809	49	0.0012850897516631862	0.0	0.007350610051907784	False
generic	socialdoors	socialdoors	178	0.5730337078651685	0.5056179775280899	0.6404494382022472	paired participant bootstrap of fixed OOF correctness; four valence cells per person	500	0.033932135728542916	0.06986027944111776	0.2275449101796407	0.4968426966292135	0.03925024015307649	0.4241573033707865	0.5730337078651685	58	0.0017553241023094154	0.018399185323639905	0.05144676829164562	False
generic	sr_friend_stranger	trust_friend_stranger	178	0.4410112359550562	0.38764044943820225	0.49719101123595505	paired participant bootstrap of fixed OOF correctness; four valence cells per person	500	0.998003992015968	0.00998003992015968	0.5269461077844312	0.5002134831460674	0.02006102459048421	0.45786516853932585	0.5393258426966292	41	0.0008971562936523514	0.9889075231010312	0.9999493656659926	False
generic	trust_friend_stranger	sr_friend_stranger	178	0.6432584269662921	0.5926966292134831	0.6938202247191011	paired participant bootstrap of fixed OOF correctness; four valence cells per person	500	0.001996007984031936	0.001996007984031936	0.001996007984031936	0.5001516853932584	0.019983800056193466	0.46348314606741575	0.5421348314606742	40	0.0008937027074882541	0.0	0.007350610051907784	False
