train	test	n	max_absolute_error
sharedreward_positive	sharedreward_positive	178	4.440892098500626e-16
sharedreward_positive	sharedreward_negative	178	4.440892098500626e-16
sharedreward_positive	trust_positive	178	8.881784197001252e-16
sharedreward_positive	trust_negative	178	4.440892098500626e-16
sharedreward_positive	socialdoors_positive	178	1.7763568394002505e-15
sharedreward_positive	socialdoors_negative	178	1.7763568394002505e-15
sharedreward_negative	sharedreward_positive	178	4.440892098500626e-16
sharedreward_negative	sharedreward_negative	178	4.440892098500626e-16
sharedreward_negative	trust_positive	178	4.440892098500626e-16
sharedreward_negative	trust_negative	178	4.440892098500626e-16
sharedreward_negative	socialdoors_positive	178	1.7763568394002505e-15
sharedreward_negative	socialdoors_negative	178	1.7763568394002505e-15
trust_positive	sharedreward_positive	178	1.1102230246251565e-16
trust_positive	sharedreward_negative	178	2.220446049250313e-16
trust_positive	trust_positive	178	4.440892098500626e-16
trust_positive	trust_negative	178	4.440892098500626e-16
trust_positive	socialdoors_positive	178	4.440892098500626e-16
trust_positive	socialdoors_negative	178	8.881784197001252e-16
trust_negative	sharedreward_positive	178	2.220446049250313e-16
trust_negative	sharedreward_negative	178	2.220446049250313e-16
trust_negative	trust_positive	178	4.440892098500626e-16
trust_negative	trust_negative	178	4.440892098500626e-16
trust_negative	socialdoors_positive	178	8.881784197001252e-16
trust_negative	socialdoors_negative	178	4.440892098500626e-16
socialdoors_positive	sharedreward_positive	178	9.974659986866641e-17
socialdoors_positive	sharedreward_negative	178	9.71445146547012e-17
socialdoors_positive	trust_positive	178	9.71445146547012e-17
socialdoors_positive	trust_negative	178	9.71445146547012e-17
socialdoors_positive	socialdoors_positive	178	4.440892098500626e-16
socialdoors_positive	socialdoors_negative	178	4.440892098500626e-16
socialdoors_negative	sharedreward_positive	178	9.71445146547012e-17
socialdoors_negative	sharedreward_negative	178	9.855397747893235e-17
socialdoors_negative	trust_positive	178	1.1102230246251565e-16
socialdoors_negative	trust_negative	178	9.71445146547012e-17
socialdoors_negative	socialdoors_positive	178	4.440892098500626e-16
socialdoors_negative	socialdoors_negative	178	4.440892098500626e-16
