mode	reference	train	test	n	accuracy_difference	ci_low	ci_high
outcome	legacy	sharedreward	trust	178	-0.033707865168539325	-0.06601123595505617	-0.0014044943820224719
outcome	legacy	sharedreward	socialdoors	178	0.273876404494382	0.20646067415730338	0.33848314606741575
outcome	legacy	trust	sharedreward	178	-0.08707865168539326	-0.12219101123595505	-0.05196629213483146
outcome	legacy	trust	socialdoors	178	0.0	0.0	0.0
outcome	legacy	socialdoors	sharedreward	178	0.03932584269662921	-0.0028089887640449437	0.08146067415730338
outcome	legacy	socialdoors	trust	178	0.0	0.0	0.0
outcome	legacy	socialdoors	socialdoors	178	0.0	0.0	0.0
outcome	legacy	sr_friend_stranger	trust_friend_stranger	178	-0.06601123595505617	-0.09831460674157304	-0.033707865168539325
outcome	legacy	trust_friend_stranger	sr_friend_stranger	178	-0.04353932584269663	-0.08567415730337079	-0.0028089887640449437
dmn_only	outcome	sharedreward	trust	178	-0.0898876404494382	-0.12640449438202248	-0.05337078651685393
dmn_only	outcome	sharedreward	socialdoors	178	-0.17696629213483145	-0.2345505617977528	-0.11938202247191011
dmn_only	outcome	trust	sharedreward	178	-0.05196629213483146	-0.08848314606741572	-0.01544943820224719
dmn_only	outcome	trust	socialdoors	178	-0.09269662921348315	-0.13342696629213482	-0.05196629213483146
dmn_only	outcome	socialdoors	sharedreward	178	-0.06741573033707865	-0.10955056179775281	-0.025280898876404494
dmn_only	outcome	socialdoors	trust	178	-0.13623595505617977	-0.18398876404494383	-0.0898876404494382
dmn_only	outcome	socialdoors	socialdoors	178	-0.06741573033707865	-0.10393258426966293	-0.033707865168539325
dmn_only	outcome	sr_friend_stranger	trust_friend_stranger	178	-0.03932584269662921	-0.0800561797752809	0.0014044943820224719
dmn_only	outcome	trust_friend_stranger	sr_friend_stranger	178	-0.05196629213483146	-0.0898876404494382	-0.016853932584269662
dmn_excluded	outcome	sharedreward	trust	178	-0.019662921348314606	-0.03651685393258427	-0.004213483146067416
dmn_excluded	outcome	sharedreward	socialdoors	178	0.008426966292134831	-0.012640449438202247	0.02949438202247191
dmn_excluded	outcome	trust	sharedreward	178	-0.014044943820224719	-0.037921348314606744	0.009831460674157303
dmn_excluded	outcome	trust	socialdoors	178	-0.008426966292134831	-0.033707865168539325	0.01544943820224719
dmn_excluded	outcome	socialdoors	sharedreward	178	0.0014044943820224719	-0.018258426966292134	0.021067415730337078
dmn_excluded	outcome	socialdoors	trust	178	-0.023876404494382022	-0.042134831460674156	-0.007022471910112359
dmn_excluded	outcome	socialdoors	socialdoors	178	0.0014044943820224719	-0.011235955056179775	0.014044943820224719
dmn_excluded	outcome	sr_friend_stranger	trust_friend_stranger	178	-0.023876404494382022	-0.04353932584269663	-0.004213483146067416
dmn_excluded	outcome	trust_friend_stranger	sr_friend_stranger	178	-0.008426966292134831	-0.032303370786516857	0.01544943820224719
generic	outcome	sharedreward	trust	178	-0.3160112359550562	-0.3707865168539326	-0.2598314606741573
generic	outcome	sharedreward	socialdoors	178	-0.2640449438202247	-0.33146067415730335	-0.1952247191011236
generic	outcome	trust	sharedreward	178	-0.10252808988764045	-0.16432584269662923	-0.04073033707865169
generic	outcome	trust	socialdoors	178	-0.15308988764044945	-0.22752808988764045	-0.07865168539325842
generic	outcome	socialdoors	sharedreward	178	-0.037921348314606744	-0.09691011235955056	0.019662921348314606
generic	outcome	socialdoors	trust	178	-0.025280898876404494	-0.0800561797752809	0.028089887640449437
generic	outcome	socialdoors	socialdoors	178	-0.35814606741573035	-0.4339887640449438	-0.28230337078651685
generic	outcome	sr_friend_stranger	trust_friend_stranger	178	-0.29213483146067415	-0.35674157303370785	-0.22752808988764045
generic	outcome	trust_friend_stranger	sr_friend_stranger	178	-0.014044943820224719	-0.07443820224719101	0.046348314606741575
