cohort	family	train_tasks	test_task	scope	fold	n	max_absolute_error
partner_pair	social_context	sharedreward	sharedreward	pairwise	1	40	8.215095270713846e-09
partner_pair	social_context	sharedreward	sharedreward	pairwise	2	41	6.640049399209147e-09
partner_pair	social_context	sharedreward	sharedreward	pairwise	3	34	4.185108704035656e-09
partner_pair	social_context	sharedreward	sharedreward	pairwise	4	38	8.24082180272967e-09
partner_pair	social_context	sharedreward	sharedreward	pairwise	5	39	4.471517822679516e-09
partner_pair	social_context	sharedreward	trust	pairwise	1	40	1.8886139319107542e-08
partner_pair	social_context	sharedreward	trust	pairwise	2	41	1.1310528513774898e-08
partner_pair	social_context	sharedreward	trust	pairwise	3	34	1.2418437833616736e-08
partner_pair	social_context	sharedreward	trust	pairwise	4	38	2.494807027630941e-08
partner_pair	social_context	sharedreward	trust	pairwise	5	39	1.3448499647239487e-08
partner_pair	social_context	sharedreward+trust	sharedreward	common	1	40	7.478495323010037e-09
partner_pair	social_context	sharedreward+trust	sharedreward	common	2	41	9.326145744559255e-09
partner_pair	social_context	sharedreward+trust	sharedreward	common	3	34	7.339355012625504e-09
partner_pair	social_context	sharedreward+trust	sharedreward	common	4	38	7.1796668610346615e-09
partner_pair	social_context	sharedreward+trust	sharedreward	common	5	39	6.5274508020962685e-09
partner_pair	social_context	sharedreward+trust	trust	common	1	40	1.4968916994817505e-08
partner_pair	social_context	sharedreward+trust	trust	common	2	41	1.7732499024702975e-08
partner_pair	social_context	sharedreward+trust	trust	common	3	34	2.2624524920189515e-08
partner_pair	social_context	sharedreward+trust	trust	common	4	38	1.6143770320553585e-08
partner_pair	social_context	sharedreward+trust	trust	common	5	39	1.6568921346049592e-08
partner_pair	social_context	trust	sharedreward	pairwise	1	40	2.1062922517245397e-09
partner_pair	social_context	trust	sharedreward	pairwise	2	41	2.0361911046151704e-09
partner_pair	social_context	trust	sharedreward	pairwise	3	34	1.948190456180221e-09
partner_pair	social_context	trust	sharedreward	pairwise	4	38	1.7031253629617993e-09
partner_pair	social_context	trust	sharedreward	pairwise	5	39	2.1978115993803726e-09
partner_pair	social_context	trust	trust	pairwise	1	40	5.932023056792746e-09
partner_pair	social_context	trust	trust	pairwise	2	41	8.159203312985142e-09
partner_pair	social_context	trust	trust	pairwise	3	34	9.030789394071093e-09
partner_pair	social_context	trust	trust	pairwise	4	38	6.049430512078402e-09
partner_pair	social_context	trust	trust	pairwise	5	39	4.5927614489293944e-09
partner_pair	closeness_positive	sharedreward	sharedreward	pairwise	1	40	1.121960679917322e-08
partner_pair	closeness_positive	sharedreward	sharedreward	pairwise	2	41	7.263932122469896e-09
partner_pair	closeness_positive	sharedreward	sharedreward	pairwise	3	34	9.560674127384594e-09
partner_pair	closeness_positive	sharedreward	sharedreward	pairwise	4	38	9.025064029444252e-09
partner_pair	closeness_positive	sharedreward	sharedreward	pairwise	5	39	1.0349634926853923e-08
partner_pair	closeness_positive	sharedreward	trust	pairwise	1	40	1.9450864030545745e-08
partner_pair	closeness_positive	sharedreward	trust	pairwise	2	41	1.2014234052060146e-08
partner_pair	closeness_positive	sharedreward	trust	pairwise	3	34	1.2975744922982813e-08
partner_pair	closeness_positive	sharedreward	trust	pairwise	4	38	1.5344242987325174e-08
partner_pair	closeness_positive	sharedreward	trust	pairwise	5	39	1.7168928723165777e-08
partner_pair	closeness_positive	sharedreward+trust	sharedreward	common	1	40	8.149916019828396e-09
partner_pair	closeness_positive	sharedreward+trust	sharedreward	common	2	41	6.250653550310403e-09
partner_pair	closeness_positive	sharedreward+trust	sharedreward	common	3	34	1.0273036109287315e-08
partner_pair	closeness_positive	sharedreward+trust	sharedreward	common	4	38	7.327511208909954e-09
partner_pair	closeness_positive	sharedreward+trust	sharedreward	common	5	39	1.3675802379431445e-08
partner_pair	closeness_positive	sharedreward+trust	trust	common	1	40	2.6741893643933423e-08
partner_pair	closeness_positive	sharedreward+trust	trust	common	2	41	2.7040249372944913e-08
partner_pair	closeness_positive	sharedreward+trust	trust	common	3	34	2.8072819624469503e-08
partner_pair	closeness_positive	sharedreward+trust	trust	common	4	38	1.9832257169838385e-08
partner_pair	closeness_positive	sharedreward+trust	trust	common	5	39	1.845766206542976e-08
partner_pair	closeness_positive	trust	sharedreward	pairwise	1	40	4.5275017623858105e-09
partner_pair	closeness_positive	trust	sharedreward	pairwise	2	41	4.410140197474988e-09
partner_pair	closeness_positive	trust	sharedreward	pairwise	3	34	3.595627628971698e-09
partner_pair	closeness_positive	trust	sharedreward	pairwise	4	38	3.704877515886551e-09
partner_pair	closeness_positive	trust	sharedreward	pairwise	5	39	2.624156003605549e-09
partner_pair	closeness_positive	trust	trust	pairwise	1	40	7.086498943209563e-09
partner_pair	closeness_positive	trust	trust	pairwise	2	41	7.1114556465801115e-09
partner_pair	closeness_positive	trust	trust	pairwise	3	34	7.99312260824081e-09
partner_pair	closeness_positive	trust	trust	pairwise	4	38	7.544460833841526e-09
partner_pair	closeness_positive	trust	trust	pairwise	5	39	6.540954888833994e-09
partner_pair	closeness_negative	sharedreward	sharedreward	pairwise	1	40	7.057367357177213e-09
partner_pair	closeness_negative	sharedreward	sharedreward	pairwise	2	41	1.1598813354218862e-08
partner_pair	closeness_negative	sharedreward	sharedreward	pairwise	3	34	7.539577961956923e-09
partner_pair	closeness_negative	sharedreward	sharedreward	pairwise	4	38	8.48951831056155e-09
partner_pair	closeness_negative	sharedreward	sharedreward	pairwise	5	39	7.24277349206659e-09
partner_pair	closeness_negative	sharedreward	trust	pairwise	1	40	1.4414123228334574e-08
partner_pair	closeness_negative	sharedreward	trust	pairwise	2	41	1.9267371698106217e-08
partner_pair	closeness_negative	sharedreward	trust	pairwise	3	34	1.6346214160023465e-08
partner_pair	closeness_negative	sharedreward	trust	pairwise	4	38	3.0031592768153814e-08
partner_pair	closeness_negative	sharedreward	trust	pairwise	5	39	1.633453150517994e-08
partner_pair	closeness_negative	sharedreward+trust	sharedreward	common	1	40	1.653024600534181e-08
partner_pair	closeness_negative	sharedreward+trust	sharedreward	common	2	41	9.54481993442613e-09
partner_pair	closeness_negative	sharedreward+trust	sharedreward	common	3	34	7.685907632559719e-09
partner_pair	closeness_negative	sharedreward+trust	sharedreward	common	4	38	7.345346553222498e-09
partner_pair	closeness_negative	sharedreward+trust	sharedreward	common	5	39	8.020819119991529e-09
partner_pair	closeness_negative	sharedreward+trust	trust	common	1	40	2.104259877455661e-08
partner_pair	closeness_negative	sharedreward+trust	trust	common	2	41	1.715125552692598e-08
partner_pair	closeness_negative	sharedreward+trust	trust	common	3	34	1.3590632175208839e-08
partner_pair	closeness_negative	sharedreward+trust	trust	common	4	38	2.3150323769094427e-08
partner_pair	closeness_negative	sharedreward+trust	trust	common	5	39	2.0328418948167837e-08
partner_pair	closeness_negative	trust	sharedreward	pairwise	1	40	6.192905743773736e-09
partner_pair	closeness_negative	trust	sharedreward	pairwise	2	41	4.214413519337476e-09
partner_pair	closeness_negative	trust	sharedreward	pairwise	3	34	2.609818416932086e-09
partner_pair	closeness_negative	trust	sharedreward	pairwise	4	38	2.4483484961645985e-09
partner_pair	closeness_negative	trust	sharedreward	pairwise	5	39	2.738730159757702e-09
partner_pair	closeness_negative	trust	trust	pairwise	1	40	6.129334373383699e-09
partner_pair	closeness_negative	trust	trust	pairwise	2	41	7.195679829763435e-09
partner_pair	closeness_negative	trust	trust	pairwise	3	34	8.946047458380235e-09
partner_pair	closeness_negative	trust	trust	pairwise	4	38	5.906770850216958e-09
partner_pair	closeness_negative	trust	trust	pairwise	5	39	5.064829000644977e-09
three_paradigm	social_context	sharedreward	sharedreward	pairwise	1	36	5.593588814356565e-09
three_paradigm	social_context	sharedreward	sharedreward	pairwise	2	39	3.9609190372047465e-09
three_paradigm	social_context	sharedreward	sharedreward	pairwise	3	31	5.869863928253949e-09
three_paradigm	social_context	sharedreward	sharedreward	pairwise	4	36	7.140758429002858e-09
three_paradigm	social_context	sharedreward	sharedreward	pairwise	5	36	4.881713699944612e-09
three_paradigm	social_context	sharedreward	socialdoors	pairwise	1	36	4.766955369328585e-08
three_paradigm	social_context	sharedreward	socialdoors	pairwise	2	39	7.009144553649094e-08
three_paradigm	social_context	sharedreward	socialdoors	pairwise	3	31	5.5029062195899314e-08
three_paradigm	social_context	sharedreward	socialdoors	pairwise	4	36	3.816945293166896e-08
three_paradigm	social_context	sharedreward	socialdoors	pairwise	5	36	6.095302751418785e-08
three_paradigm	social_context	sharedreward	trust	pairwise	1	36	1.1804982824603627e-08
three_paradigm	social_context	sharedreward	trust	pairwise	2	39	1.2086768697017192e-08
three_paradigm	social_context	sharedreward	trust	pairwise	3	31	1.1901279961534783e-08
three_paradigm	social_context	sharedreward	trust	pairwise	4	36	1.1078211681336825e-08
three_paradigm	social_context	sharedreward	trust	pairwise	5	36	1.7310692657090954e-08
three_paradigm	social_context	sharedreward+socialdoors	trust	lopo	1	36	1.0281507201170825e-08
three_paradigm	social_context	sharedreward+socialdoors	trust	lopo	2	39	1.1515424613861569e-08
three_paradigm	social_context	sharedreward+socialdoors	trust	lopo	3	31	1.6425388826846188e-08
three_paradigm	social_context	sharedreward+socialdoors	trust	lopo	4	36	1.2514361658055861e-08
three_paradigm	social_context	sharedreward+socialdoors	trust	lopo	5	36	1.8415292402096384e-08
three_paradigm	social_context	sharedreward+trust	socialdoors	lopo	1	36	7.25500370890586e-08
three_paradigm	social_context	sharedreward+trust	socialdoors	lopo	2	39	5.237302591609705e-08
three_paradigm	social_context	sharedreward+trust	socialdoors	lopo	3	31	4.4316112557396536e-08
three_paradigm	social_context	sharedreward+trust	socialdoors	lopo	4	36	3.958732364139905e-08
three_paradigm	social_context	sharedreward+trust	socialdoors	lopo	5	36	6.028998100759964e-08
three_paradigm	social_context	sharedreward+trust+socialdoors	sharedreward	common	1	36	5.415634718453077e-09
three_paradigm	social_context	sharedreward+trust+socialdoors	sharedreward	common	2	39	9.636868192330894e-09
three_paradigm	social_context	sharedreward+trust+socialdoors	sharedreward	common	3	31	6.943435937323272e-09
three_paradigm	social_context	sharedreward+trust+socialdoors	sharedreward	common	4	36	1.0412410711424513e-08
three_paradigm	social_context	sharedreward+trust+socialdoors	sharedreward	common	5	36	4.812906961859653e-09
three_paradigm	social_context	sharedreward+trust+socialdoors	socialdoors	common	1	36	6.746236436150355e-08
three_paradigm	social_context	sharedreward+trust+socialdoors	socialdoors	common	2	39	9.134515011055555e-08
three_paradigm	social_context	sharedreward+trust+socialdoors	socialdoors	common	3	31	6.558785647925447e-08
three_paradigm	social_context	sharedreward+trust+socialdoors	socialdoors	common	4	36	4.9821625935919656e-08
three_paradigm	social_context	sharedreward+trust+socialdoors	socialdoors	common	5	36	5.6280372362493836e-08
three_paradigm	social_context	sharedreward+trust+socialdoors	trust	common	1	36	2.210209926190032e-08
three_paradigm	social_context	sharedreward+trust+socialdoors	trust	common	2	39	1.847364750062752e-08
three_paradigm	social_context	sharedreward+trust+socialdoors	trust	common	3	31	1.7888579728619902e-08
three_paradigm	social_context	sharedreward+trust+socialdoors	trust	common	4	36	1.9136160211985498e-08
three_paradigm	social_context	sharedreward+trust+socialdoors	trust	common	5	36	1.2786992131808006e-08
three_paradigm	social_context	socialdoors	sharedreward	pairwise	1	36	3.3708481492200626e-10
three_paradigm	social_context	socialdoors	sharedreward	pairwise	2	39	6.523660014967625e-10
three_paradigm	social_context	socialdoors	sharedreward	pairwise	3	31	4.4239557850378475e-10
three_paradigm	social_context	socialdoors	sharedreward	pairwise	4	36	6.12249140274912e-10
three_paradigm	social_context	socialdoors	sharedreward	pairwise	5	36	5.299370456346431e-10
three_paradigm	social_context	socialdoors	socialdoors	pairwise	1	36	4.365943828688046e-09
three_paradigm	social_context	socialdoors	socialdoors	pairwise	2	39	5.43024958332694e-09
three_paradigm	social_context	socialdoors	socialdoors	pairwise	3	31	5.457623908355913e-09
three_paradigm	social_context	socialdoors	socialdoors	pairwise	4	36	4.639639783476923e-09
three_paradigm	social_context	socialdoors	socialdoors	pairwise	5	36	5.4237483393393404e-09
three_paradigm	social_context	socialdoors	trust	pairwise	1	36	1.2740752897144603e-09
three_paradigm	social_context	socialdoors	trust	pairwise	2	39	1.1566946289676139e-09
three_paradigm	social_context	socialdoors	trust	pairwise	3	31	1.4337134812691943e-09
three_paradigm	social_context	socialdoors	trust	pairwise	4	36	2.2295171542285885e-09
three_paradigm	social_context	socialdoors	trust	pairwise	5	36	1.3246184704662767e-09
three_paradigm	social_context	trust	sharedreward	pairwise	1	36	2.388409248155199e-09
three_paradigm	social_context	trust	sharedreward	pairwise	2	39	1.910196389953711e-09
three_paradigm	social_context	trust	sharedreward	pairwise	3	31	1.8801207257723718e-09
three_paradigm	social_context	trust	sharedreward	pairwise	4	36	1.986191655589664e-09
three_paradigm	social_context	trust	sharedreward	pairwise	5	36	3.2019746853961806e-09
three_paradigm	social_context	trust	socialdoors	pairwise	1	36	1.9911822857210382e-08
three_paradigm	social_context	trust	socialdoors	pairwise	2	39	1.8058558426403692e-08
three_paradigm	social_context	trust	socialdoors	pairwise	3	31	1.939382876514628e-08
three_paradigm	social_context	trust	socialdoors	pairwise	4	36	3.1018620560985255e-08
three_paradigm	social_context	trust	socialdoors	pairwise	5	36	1.986013931087882e-08
three_paradigm	social_context	trust	trust	pairwise	1	36	4.7702644057068255e-09
three_paradigm	social_context	trust	trust	pairwise	2	39	5.437423400422858e-09
three_paradigm	social_context	trust	trust	pairwise	3	31	4.193403589647371e-09
three_paradigm	social_context	trust	trust	pairwise	4	36	8.995458156135783e-09
three_paradigm	social_context	trust	trust	pairwise	5	36	6.543042108120289e-09
three_paradigm	social_context	trust+socialdoors	sharedreward	lopo	1	36	2.3793826353646352e-09
three_paradigm	social_context	trust+socialdoors	sharedreward	lopo	2	39	1.6808247571553636e-09
three_paradigm	social_context	trust+socialdoors	sharedreward	lopo	3	31	2.1629671387302096e-09
three_paradigm	social_context	trust+socialdoors	sharedreward	lopo	4	36	2.788845598900025e-09
three_paradigm	social_context	trust+socialdoors	sharedreward	lopo	5	36	2.289099909624781e-09
