cohort	family	scope	train_domain	test_domain	maps_per_participant	analysis	n	n_correct	accuracy	ci_low	ci_high	binomial_p	mean_margin	median_margin	margin_ci_low	margin_ci_high	ties	ci_method
partner_pair	social_context	matrix	sharedreward_positive	sharedreward_positive	1	partner_pair:social_context:sharedreward_positive:sharedreward_positive	192	173.0	0.9010416666666666	0.8497813209449263	0.939362724450049	2.824185828311736e-32	0.8118287455680356	0.7453667380708201	0.7176601878372292	0.9073647295509714	0.0	exact binomial descriptive OOF interval
partner_pair	social_context	matrix	sharedreward_positive	sharedreward_negative	1	partner_pair:social_context:sharedreward_positive:sharedreward_negative	192	172.0	0.8958333333333334	0.8437131678695671	0.9352019682738462	2.4604497446499028e-31	0.8656691942314065	0.8020461324827369	0.7596169834048243	0.9771168095090438	0.0	exact binomial descriptive OOF interval
partner_pair	social_context	matrix	sharedreward_positive	trust_positive	1	partner_pair:social_context:sharedreward_positive:trust_positive	192	167.0	0.8697916666666666	0.8138129110503749	0.9139322237678209	5.689733559041948e-27	1.5191804060961267	1.4783880982706905	1.2914950358161745	1.7496447416826226	0.0	exact binomial descriptive OOF interval
partner_pair	social_context	matrix	sharedreward_positive	trust_negative	1	partner_pair:social_context:sharedreward_positive:trust_negative	192	161.0	0.8385416666666666	0.7787200958243937	0.8875832767713043	2.2362970247160256e-22	1.7045456486410633	1.571849587844468	1.4733181806824294	1.9389829399546263	0.0	exact binomial descriptive OOF interval
partner_pair	social_context	matrix	sharedreward_negative	sharedreward_positive	1	partner_pair:social_context:sharedreward_negative:sharedreward_positive	192	171.0	0.890625	0.8376767224069277	0.9310075506091714	2.02995621176414e-30	0.7928562103087927	0.7508977387053405	0.7021753857928337	0.8845299642837354	0.0	exact binomial descriptive OOF interval
partner_pair	social_context	matrix	sharedreward_negative	sharedreward_negative	1	partner_pair:social_context:sharedreward_negative:sharedreward_negative	192	173.0	0.9010416666666666	0.8497813209449263	0.939362724450049	2.824185828311736e-32	0.8187114689671963	0.8354229680046372	0.718009683248811	0.9231269106153096	0.0	exact binomial descriptive OOF interval
partner_pair	social_context	matrix	sharedreward_negative	trust_positive	1	partner_pair:social_context:sharedreward_negative:trust_positive	192	163.0	0.8489583333333334	0.7903351026962904	0.8964522691300006	7.739135409697751e-24	1.2763599740830383	1.2861013126122534	1.0703557963431316	1.4847851059321806	0.0	exact binomial descriptive OOF interval
partner_pair	social_context	matrix	sharedreward_negative	trust_negative	1	partner_pair:social_context:sharedreward_negative:trust_negative	192	165.0	0.859375	0.8020303034054713	0.9052378580716216	2.283532995836016e-25	1.5713989042446332	1.6367636454662058	1.3582466846135037	1.7741750366689066	0.0	exact binomial descriptive OOF interval
partner_pair	social_context	matrix	trust_positive	sharedreward_positive	1	partner_pair:social_context:trust_positive:sharedreward_positive	192	155.0	0.8072916666666666	0.7442995413485155	0.8605369353292444	2.2424679560604087e-18	0.27829860491918995	0.27582801026294246	0.23114074363313475	0.3280870809326233	0.0	exact binomial descriptive OOF interval
partner_pair	social_context	matrix	trust_positive	sharedreward_negative	1	partner_pair:social_context:trust_positive:sharedreward_negative	192	143.0	0.7447916666666666	0.6770184027503351	0.8048409154708085	7.2625575358827895e-12	0.25981944832585646	0.23804402235733788	0.2046028104268896	0.31465747568447155	0.0	exact binomial descriptive OOF interval
partner_pair	social_context	matrix	trust_positive	trust_positive	1	partner_pair:social_context:trust_positive:trust_positive	192	171.0	0.890625	0.8376767224069277	0.9310075506091714	2.02995621176414e-30	0.970521267096677	0.9991089364804113	0.8496362626656521	1.0920518093658012	0.0	exact binomial descriptive OOF interval
partner_pair	social_context	matrix	trust_positive	trust_negative	1	partner_pair:social_context:trust_positive:trust_negative	192	169.0	0.8802083333333334	0.8256915588148123	0.9225259536856886	1.1838256997576382e-28	1.120596172049116	1.1218209082892847	0.99188397235984	1.2462517408745644	0.0	exact binomial descriptive OOF interval
partner_pair	social_context	matrix	trust_negative	sharedreward_positive	1	partner_pair:social_context:trust_negative:sharedreward_positive	192	152.0	0.7916666666666666	0.7273004777016814	0.8467961093181701	1.425944673485655e-16	0.2726751170178278	0.2679204570118535	0.22553256325837542	0.3200531104345353	0.0	exact binomial descriptive OOF interval
partner_pair	social_context	matrix	trust_negative	sharedreward_negative	1	partner_pair:social_context:trust_negative:sharedreward_negative	192	155.0	0.8072916666666666	0.7442995413485155	0.8605369353292444	2.2424679560604087e-18	0.29237910137932244	0.2868480531607972	0.24044259265372311	0.3455802932846645	0.0	exact binomial descriptive OOF interval
partner_pair	social_context	matrix	trust_negative	trust_positive	1	partner_pair:social_context:trust_negative:trust_positive	192	165.0	0.859375	0.8020303034054713	0.9052378580716216	2.283532995836016e-25	0.9339923529307783	0.9151517756822065	0.8162559202976588	1.0503561458216377	0.0	exact binomial descriptive OOF interval
partner_pair	social_context	matrix	trust_negative	trust_negative	1	partner_pair:social_context:trust_negative:trust_negative	192	181.0	0.9427083333333334	0.8998032058242709	0.9710565083499306	8.290770028243999e-41	1.0232595782339597	1.0285304263378305	0.9186140693233189	1.125066925693951	0.0	exact binomial descriptive OOF interval
partner_pair	social_context	pooled_cross_valence	pooled_positive	sharedreward_negative	1	partner_pair:social_context:pooled_positive:sharedreward_negative	192	174.0	0.90625	0.8558833222975043	0.9434874244583802	3.062307279432626e-33	0.8500229521497461	0.7785887561722356	0.7440597171739177	0.957198488599691	0.0	exact binomial descriptive OOF interval
partner_pair	social_context	pooled_cross_valence	pooled_positive	trust_negative	1	partner_pair:social_context:pooled_positive:trust_negative	192	168.0	0.875	0.8197396243484373	0.9182423309121371	8.400601592330416e-28	1.8699788852839758	1.7972594568594338	1.6466503719416576	2.091764383488097	0.0	exact binomial descriptive OOF interval
partner_pair	social_context	pooled_cross_valence	pooled_positive	combined	2		192		0.890625	0.8567708333333334	0.921875		1.3600009187168611	1.2797684293416427	1.2318880007234905	1.4866179501020607		participant bootstrap; task correctness averaged within participant
partner_pair	social_context	pooled_cross_valence	pooled_negative	sharedreward_positive	1	partner_pair:social_context:pooled_negative:sharedreward_positive	192	170.0	0.8854166666666666	0.831670084586069	0.926781586203589	1.5895811738043896e-29	0.7797159684826264	0.7561675281530098	0.6899281675076253	0.8699874788108731	0.0	exact binomial descriptive OOF interval
partner_pair	social_context	pooled_cross_valence	pooled_negative	trust_positive	1	partner_pair:social_context:pooled_negative:trust_positive	192	167.0	0.8697916666666666	0.8138129110503749	0.9139322237678209	5.689733559041948e-27	1.4421900913174994	1.4697111351957641	1.247505693960221	1.6433045453521555	0.0	exact binomial descriptive OOF interval
partner_pair	social_context	pooled_cross_valence	pooled_negative	combined	2		192		0.8776041666666666	0.84375	0.9114583333333334		1.110953029900063	1.1113337811365538	1.0004484347190952	1.222915195848971		participant bootstrap; task correctness averaged within participant
partner_pair	friend_stranger_context	matrix	sharedreward_positive	sharedreward_positive	1	partner_pair:friend_stranger_context:sharedreward_positive:sharedreward_positive	192	149.0	0.7760416666666666	0.7104265051676343	0.8329269121440912	6.858813482497534e-15	0.5397657340278705	0.47060801268308783	0.4379470688553454	0.6436952219374372	0.0	exact binomial descriptive OOF interval
partner_pair	friend_stranger_context	matrix	sharedreward_positive	sharedreward_negative	1	partner_pair:friend_stranger_context:sharedreward_positive:sharedreward_negative	192	146.0	0.7604166666666666	0.6936683881122933	0.8189391280071859	2.53186591777335e-13	0.5294753460976279	0.528118279921457	0.42307449776111317	0.6354356137310637	0.0	exact binomial descriptive OOF interval
partner_pair	friend_stranger_context	matrix	sharedreward_positive	trust_positive	1	partner_pair:friend_stranger_context:sharedreward_positive:trust_positive	192	145.0	0.7552083333333334	0.6881067225286773	0.8142516306681493	7.966167417768738e-13	1.0994289216956126	0.9816887496667658	0.8569946646362285	1.34432463451622	0.0	exact binomial descriptive OOF interval
partner_pair	friend_stranger_context	matrix	sharedreward_positive	trust_negative	1	partner_pair:friend_stranger_context:sharedreward_positive:trust_negative	192	163.0	0.8489583333333334	0.7903351026962904	0.8964522691300006	7.739135409697751e-24	1.543136852480038	1.4771091978407624	1.3030443376929295	1.7792694488061302	0.0	exact binomial descriptive OOF interval
partner_pair	friend_stranger_context	matrix	sharedreward_negative	sharedreward_positive	1	partner_pair:friend_stranger_context:sharedreward_negative:sharedreward_positive	192	147.0	0.765625	0.699242058466074	0.8236143660708974	7.824674896926337e-14	0.5243580903482999	0.4476346504118688	0.4196803943703928	0.6327845041335839	0.0	exact binomial descriptive OOF interval
partner_pair	friend_stranger_context	matrix	sharedreward_negative	sharedreward_negative	1	partner_pair:friend_stranger_context:sharedreward_negative:sharedreward_negative	192	157.0	0.8177083333333334	0.7557071623498033	0.8696204117114491	1.1954956427242961e-19	0.5279557893761421	0.5392525650319797	0.42811371987333546	0.6262971208203931	0.0	exact binomial descriptive OOF interval
partner_pair	friend_stranger_context	matrix	sharedreward_negative	trust_positive	1	partner_pair:friend_stranger_context:sharedreward_negative:trust_positive	192	147.0	0.765625	0.699242058466074	0.8236143660708974	7.824674896926337e-14	0.9563205157092337	0.8539691081914744	0.7589667481006142	1.1545155964792375	0.0	exact binomial descriptive OOF interval
partner_pair	friend_stranger_context	matrix	sharedreward_negative	trust_negative	1	partner_pair:friend_stranger_context:sharedreward_negative:trust_negative	192	157.0	0.8177083333333334	0.7557071623498033	0.8696204117114491	1.1954956427242961e-19	1.4050543943491853	1.3154053826193721	1.173115767099987	1.6400901792877942	0.0	exact binomial descriptive OOF interval
partner_pair	friend_stranger_context	matrix	trust_positive	sharedreward_positive	1	partner_pair:friend_stranger_context:trust_positive:sharedreward_positive	192	130.0	0.6770833333333334	0.6059774151389595	0.7426205609676235	1.0370122869690994e-06	0.16220898034336048	0.18650308184448317	0.1114040339080316	0.2130623293428289	0.0	exact binomial descriptive OOF interval
partner_pair	friend_stranger_context	matrix	trust_positive	sharedreward_negative	1	partner_pair:friend_stranger_context:trust_positive:sharedreward_negative	192	129.0	0.671875	0.6005808474745312	0.7377652944856264	2.183867335911359e-06	0.14895179904770778	0.12023950381603021	0.10552221410433338	0.19402042689543458	0.0	exact binomial descriptive OOF interval
partner_pair	friend_stranger_context	matrix	trust_positive	trust_positive	1	partner_pair:friend_stranger_context:trust_positive:trust_positive	192	155.0	0.8072916666666666	0.7442995413485155	0.8605369353292444	2.2424679560604087e-18	0.5921614102028362	0.5352204337875501	0.4815437983023027	0.7011454420546533	0.0	exact binomial descriptive OOF interval
partner_pair	friend_stranger_context	matrix	trust_positive	trust_negative	1	partner_pair:friend_stranger_context:trust_positive:trust_negative	192	168.0	0.875	0.8197396243484373	0.9182423309121371	8.400601592330416e-28	0.8546411108379869	0.8023875873079236	0.7332494936701616	0.9754838810311167	0.0	exact binomial descriptive OOF interval
partner_pair	friend_stranger_context	matrix	trust_negative	sharedreward_positive	1	partner_pair:friend_stranger_context:trust_negative:sharedreward_positive	192	134.0	0.6979166666666666	0.6276568094211913	0.7619473361260505	4.179048819596712e-08	0.20375464222473308	0.19962971769114699	0.14992988676099137	0.2596334328381068	0.0	exact binomial descriptive OOF interval
partner_pair	friend_stranger_context	matrix	trust_negative	sharedreward_negative	1	partner_pair:friend_stranger_context:trust_negative:sharedreward_negative	192	144.0	0.75	0.6825568075430798	0.8095521420552284	2.438228653233817e-12	0.21153127567599728	0.18721677443901358	0.16186562736944787	0.2621573635441588	0.0	exact binomial descriptive OOF interval
partner_pair	friend_stranger_context	matrix	trust_negative	trust_positive	1	partner_pair:friend_stranger_context:trust_negative:trust_positive	192	159.0	0.828125	0.7671791849219737	0.8786374595315521	5.555881378710808e-21	0.6558776082685153	0.6387257490809143	0.5474653590591066	0.7595540650327	0.0	exact binomial descriptive OOF interval
partner_pair	friend_stranger_context	matrix	trust_negative	trust_negative	1	partner_pair:friend_stranger_context:trust_negative:trust_negative	192	169.0	0.8802083333333334	0.8256915588148123	0.9225259536856886	1.1838256997576382e-28	0.9768559227580441	0.976280899745183	0.8500846855116755	1.103496659370049	0.0	exact binomial descriptive OOF interval
partner_pair	friend_stranger_context	pooled_cross_valence	pooled_positive	sharedreward_negative	1	partner_pair:friend_stranger_context:pooled_positive:sharedreward_negative	192	158.0	0.8229166666666666	0.7614348582304126	0.874137522647437	2.6228310919022507e-20	0.48257215169349754	0.48507383770325896	0.3932389754764379	0.5746042604740054	0.0	exact binomial descriptive OOF interval
partner_pair	friend_stranger_context	pooled_cross_valence	pooled_positive	trust_negative	1	partner_pair:friend_stranger_context:pooled_positive:trust_negative	192	163.0	0.8489583333333334	0.7903351026962904	0.8964522691300006	7.739135409697751e-24	1.5110333581117679	1.474072833247271	1.2933327411154483	1.7248773296031252	0.0	exact binomial descriptive OOF interval
partner_pair	friend_stranger_context	pooled_cross_valence	pooled_positive	combined	2		192		0.8359375	0.796875	0.8723958333333334		0.9968027549026326	0.9579603067280094	0.8756066444580493	1.1218908804987446		participant bootstrap; task correctness averaged within participant
partner_pair	friend_stranger_context	pooled_cross_valence	pooled_negative	sharedreward_positive	1	partner_pair:friend_stranger_context:pooled_negative:sharedreward_positive	192	153.0	0.796875	0.7329524263820855	0.8513911860737913	3.687955750628558e-17	0.5085432522405591	0.4227922157780403	0.4096178921340576	0.6104653188710616	0.0	exact binomial descriptive OOF interval
partner_pair	friend_stranger_context	pooled_cross_valence	pooled_negative	trust_positive	1	partner_pair:friend_stranger_context:pooled_negative:trust_positive	192	159.0	0.828125	0.7671791849219737	0.8786374595315521	5.555881378710808e-21	1.0995438071993804	1.0660696393720386	0.9167492538159763	1.282343193385804	0.0	exact binomial descriptive OOF interval
partner_pair	friend_stranger_context	pooled_cross_valence	pooled_negative	combined	2		192		0.8125	0.7708333333333334	0.8515625		0.8040435297199696	0.7771099354708753	0.7022588621537712	0.9102467028807664		participant bootstrap; task correctness averaged within participant
partner_pair	friend_stranger_context	collapsed	collapsed_sharedreward	sharedreward	1	partner_pair:friend_stranger_context:collapsed_sharedreward:sharedreward	192	162.0	0.84375	0.7845179793289718	0.8920277615146112	4.24158586165322e-23	0.8001058348449487	0.7819689571787017	0.6841298754782345	0.9181338277283855	0.0	exact binomial descriptive OOF interval
partner_pair	friend_stranger_context	collapsed	collapsed_sharedreward	trust	1	partner_pair:friend_stranger_context:collapsed_sharedreward:trust	192	170.0	0.8854166666666666	0.831670084586069	0.926781586203589	1.5895811738043896e-29	1.9067649332081171	1.7602426572164833	1.6692997267051588	2.145588483156509	0.0	exact binomial descriptive OOF interval
partner_pair	friend_stranger_context	collapsed	collapsed_trust	sharedreward	1	partner_pair:friend_stranger_context:collapsed_trust:sharedreward	192	157.0	0.8177083333333334	0.7557071623498033	0.8696204117114491	1.1954956427242961e-19	0.287939399032477	0.2469667240583494	0.23499499659880838	0.34276044357420754	0.0	exact binomial descriptive OOF interval
partner_pair	friend_stranger_context	collapsed	collapsed_trust	trust	1	partner_pair:friend_stranger_context:collapsed_trust:trust	192	179.0	0.9322916666666666	0.8869996322086058	0.9634583135210757	1.7533124457063382e-38	1.1790383512439062	1.1096353858380337	1.0496737559836615	1.3056054799812735	0.0	exact binomial descriptive OOF interval
partner_pair	friend_stranger_context	collapsed	collapsed_common	sharedreward	1	partner_pair:friend_stranger_context:collapsed_common:sharedreward	192	164.0	0.8541666666666666	0.796172257249499	0.9008559451069348	1.356916414574847e-24	0.7552804921646343	0.7267054368351687	0.6471245490424427	0.8665798778803127	0.0	exact binomial descriptive OOF interval
partner_pair	friend_stranger_context	collapsed	collapsed_common	trust	1	partner_pair:friend_stranger_context:collapsed_common:trust	192	168.0	0.875	0.8197396243484373	0.9182423309121371	8.400601592330416e-28	2.027589444799525	1.8661780568892188	1.7943465497105564	2.262943935804233	0.0	exact binomial descriptive OOF interval
three_paradigm	social_context	matrix	sharedreward_positive	sharedreward_positive	1	three_paradigm:social_context:sharedreward_positive:sharedreward_positive	178	160.0	0.898876404494382	0.8448936182323666	0.9389586809395121	1.2128713875067858e-29	0.7984965937002025	0.7259201968016121	0.7005554789025401	0.8990214707116212	0.0	exact binomial descriptive OOF interval
three_paradigm	social_context	matrix	sharedreward_positive	sharedreward_negative	1	three_paradigm:social_context:sharedreward_positive:sharedreward_negative	178	159.0	0.8932584269662921	0.8383349673836971	0.9344998735066818	1.0293288050049546e-28	0.8688012058855616	0.7676410871985384	0.7579378677765864	0.979412240809112	0.0	exact binomial descriptive OOF interval
three_paradigm	social_context	matrix	sharedreward_positive	trust_positive	1	three_paradigm:social_context:sharedreward_positive:trust_positive	178	156.0	0.8764044943820225	0.8188719286869469	0.9208972805461833	4.5016560533262966e-26	1.5817932913881265	1.5055677297285466	1.3358970142451527	1.8303479159253768	0.0	exact binomial descriptive OOF interval
three_paradigm	social_context	matrix	sharedreward_positive	trust_negative	1	three_paradigm:social_context:sharedreward_positive:trust_negative	178	152.0	0.8539325842696629	0.7933466760101563	0.9023119787052947	7.401122043388876e-23	1.7186890691397851	1.5583416137806494	1.4718631916840939	1.959801062488597	0.0	exact binomial descriptive OOF interval
three_paradigm	social_context	matrix	sharedreward_positive	socialdoors_positive	1	three_paradigm:social_context:sharedreward_positive:socialdoors_positive	178	80.0	0.449438202247191	0.3749463358339572	0.5256422030689402	0.20246043236353417	-0.6336786081011896	-0.7341941926687088	-1.462669725408715	0.18096549785878957	0.0	exact binomial descriptive OOF interval
three_paradigm	social_context	matrix	sharedreward_positive	socialdoors_negative	1	three_paradigm:social_context:sharedreward_positive:socialdoors_negative	178	90.0	0.5056179775280899	0.42980825623652164	0.5812375058992665	0.9402799587020467	0.16629336611495835	0.225421676215237	-0.611469512329259	0.9242952515202999	0.0	exact binomial descriptive OOF interval
three_paradigm	social_context	matrix	sharedreward_negative	sharedreward_positive	1	three_paradigm:social_context:sharedreward_negative:sharedreward_positive	178	159.0	0.8932584269662921	0.8383349673836971	0.9344998735066818	1.0293288050049546e-28	0.7741740745122606	0.7186171295060526	0.681342818086648	0.8687857678830458	0.0	exact binomial descriptive OOF interval
three_paradigm	social_context	matrix	sharedreward_negative	sharedreward_negative	1	three_paradigm:social_context:sharedreward_negative:sharedreward_negative	178	158.0	0.8876404494382022	0.8318133003276277	0.9300016968520999	8.24826005172645e-28	0.8033054273447598	0.7944692925474147	0.6944165932144903	0.9105866153151951	0.0	exact binomial descriptive OOF interval
three_paradigm	social_context	matrix	sharedreward_negative	trust_positive	1	three_paradigm:social_context:sharedreward_negative:trust_positive	178	148.0	0.8314606741573034	0.7682254115935891	0.8833044155555667	5.99560490697788e-20	1.285970831158898	1.230348792792232	1.0789432315627536	1.500038301523066	0.0	exact binomial descriptive OOF interval
three_paradigm	social_context	matrix	sharedreward_negative	trust_negative	1	three_paradigm:social_context:sharedreward_negative:trust_negative	178	155.0	0.8707865168539326	0.8124483407207667	0.9162953543191403	3.0791283502002227e-25	1.5667028376911332	1.628183950897022	1.350492856404491	1.781610804980554	0.0	exact binomial descriptive OOF interval
three_paradigm	social_context	matrix	sharedreward_negative	socialdoors_positive	1	three_paradigm:social_context:sharedreward_negative:socialdoors_positive	178	74.0	0.4157303370786517	0.3424745475981456	0.49184090366422006	0.029445975067516457	-1.230307420687947	-0.7837341257762312	-2.0016488818946003	-0.47524682261437323	0.0	exact binomial descriptive OOF interval
three_paradigm	social_context	matrix	sharedreward_negative	socialdoors_negative	1	three_paradigm:social_context:sharedreward_negative:socialdoors_negative	178	81.0	0.4550561797752809	0.38039108024035084	0.5312431009191737	0.2608293352608437	-0.7683362099078359	-0.4451502678275343	-1.5494404205509344	-0.007991873002179612	0.0	exact binomial descriptive OOF interval
three_paradigm	social_context	matrix	trust_positive	sharedreward_positive	1	three_paradigm:social_context:trust_positive:sharedreward_positive	178	143.0	0.8033707865168539	0.7372973926144957	0.8590537372868554	1.0758722094411622e-16	0.27251438132039246	0.28138665397598056	0.2229547907044372	0.32223707532019263	0.0	exact binomial descriptive OOF interval
three_paradigm	social_context	matrix	trust_positive	sharedreward_negative	1	three_paradigm:social_context:trust_positive:sharedreward_negative	178	134.0	0.7528089887640449	0.682713875765904	0.8142835508082239	9.054112053441515e-12	0.2524705563130771	0.2326304713464563	0.1981888417723465	0.30714755628092005	0.0	exact binomial descriptive OOF interval
three_paradigm	social_context	matrix	trust_positive	trust_positive	1	three_paradigm:social_context:trust_positive:trust_positive	178	165.0	0.9269662921348315	0.8783481154078149	0.9605414434776697	1.0449754659157278e-34	0.9970088699598197	0.9811885724474272	0.8744987954996695	1.120033608499269	0.0	exact binomial descriptive OOF interval
three_paradigm	social_context	matrix	trust_positive	trust_negative	1	three_paradigm:social_context:trust_positive:trust_negative	178	159.0	0.8932584269662921	0.8383349673836971	0.9344998735066818	1.0293288050049546e-28	1.0682370194127027	1.05305659059906	0.9375703405532112	1.1980271815818322	0.0	exact binomial descriptive OOF interval
three_paradigm	social_context	matrix	trust_positive	socialdoors_positive	1	three_paradigm:social_context:trust_positive:socialdoors_positive	178	122.0	0.6853932584269663	0.6116862073856216	0.7528019991472279	8.37168228774634e-07	0.8947747594890114	0.8192300066770013	0.6003229861120332	1.19486314722604	0.0	exact binomial descriptive OOF interval
three_paradigm	social_context	matrix	trust_positive	socialdoors_negative	1	three_paradigm:social_context:trust_positive:socialdoors_negative	178	129.0	0.7247191011235955	0.6528991777733465	0.7888899671567849	1.7099316874665184e-09	1.1282455852156696	1.212254540914282	0.8139405808088259	1.43984889099724	0.0	exact binomial descriptive OOF interval
three_paradigm	social_context	matrix	trust_negative	sharedreward_positive	1	three_paradigm:social_context:trust_negative:sharedreward_positive	178	140.0	0.7865168539325843	0.7189596947386839	0.8442773038581987	6.3008895535264644e-15	0.2686271849042534	0.25669226014452606	0.21969162738452339	0.3178404453336742	0.0	exact binomial descriptive OOF interval
three_paradigm	social_context	matrix	trust_negative	sharedreward_negative	1	three_paradigm:social_context:trust_negative:sharedreward_negative	178	148.0	0.8314606741573034	0.7682254115935891	0.8833044155555667	5.99560490697788e-20	0.2921233635016043	0.27307983502378014	0.23783368213121103	0.34714834182876647	0.0	exact binomial descriptive OOF interval
three_paradigm	social_context	matrix	trust_negative	trust_positive	1	three_paradigm:social_context:trust_negative:trust_positive	178	153.0	0.8595505617977528	0.7996871231869024	0.9070011573702312	1.246467472774525e-23	0.9267929205334018	0.9074877192341155	0.806724328592465	1.0486764664849593	0.0	exact binomial descriptive OOF interval
three_paradigm	social_context	matrix	trust_negative	trust_negative	1	three_paradigm:social_context:trust_negative:trust_negative	178	166.0	0.9325842696629213	0.8851999191889953	0.9646827388856669	8.127113244139915e-36	0.9965652866066873	0.9991008907994767	0.8901113949943681	1.1006836777126874	0.0	exact binomial descriptive OOF interval
three_paradigm	social_context	matrix	trust_negative	socialdoors_positive	1	three_paradigm:social_context:trust_negative:socialdoors_positive	178	122.0	0.6853932584269663	0.6116862073856216	0.7528019991472279	8.37168228774634e-07	1.012364176750222	0.8598459607553226	0.6990340489057383	1.3252158632376678	0.0	exact binomial descriptive OOF interval
three_paradigm	social_context	matrix	trust_negative	socialdoors_negative	1	three_paradigm:social_context:trust_negative:socialdoors_negative	178	128.0	0.7191011235955056	0.6469752810210286	0.7837714664785662	4.48517899619176e-09	1.255348362959528	1.2470617194737685	0.9208266564273202	1.5790870624448072	0.0	exact binomial descriptive OOF interval
three_paradigm	social_context	matrix	socialdoors_positive	sharedreward_positive	1	three_paradigm:social_context:socialdoors_positive:sharedreward_positive	178	108.0	0.6067415730337079	0.5308831367682396	0.6789824596857641	0.00540103297324761	0.025985802705048498	0.019782554205231163	0.014523440970623377	0.03769954189285825	0.0	exact binomial descriptive OOF interval
three_paradigm	social_context	matrix	socialdoors_positive	sharedreward_negative	1	three_paradigm:social_context:socialdoors_positive:sharedreward_negative	178	108.0	0.6067415730337079	0.5308831367682396	0.6789824596857641	0.00540103297324761	0.020080321074016038	0.026450542938604847	0.006814320204866242	0.033188864657564016	0.0	exact binomial descriptive OOF interval
three_paradigm	social_context	matrix	socialdoors_positive	trust_positive	1	three_paradigm:social_context:socialdoors_positive:trust_positive	178	136.0	0.7640449438202247	0.69473599226798	0.8243427287571111	9.077867422545717e-13	0.1547225072934619	0.1381223848515878	0.12292370917660991	0.18754035297168772	0.0	exact binomial descriptive OOF interval
three_paradigm	social_context	matrix	socialdoors_positive	trust_negative	1	three_paradigm:social_context:socialdoors_positive:trust_negative	178	143.0	0.8033707865168539	0.7372973926144957	0.8590537372868554	1.0758722094411622e-16	0.14623701038156486	0.1648703113137847	0.11664984193793461	0.1744109706100916	0.0	exact binomial descriptive OOF interval
three_paradigm	social_context	matrix	socialdoors_positive	socialdoors_positive	1	three_paradigm:social_context:socialdoors_positive:socialdoors_positive	178	167.0	0.9382022471910112	0.8921185436226969	0.968750149300865	5.800311145216799e-37	1.2249696044440206	1.2176023269428182	1.096925213454787	1.3579202282271774	0.0	exact binomial descriptive OOF interval
three_paradigm	social_context	matrix	socialdoors_positive	socialdoors_negative	1	three_paradigm:social_context:socialdoors_positive:socialdoors_negative	178	165.0	0.9269662921348315	0.8783481154078149	0.9605414434776697	1.0449754659157278e-34	1.225427619204781	1.2796905965937213	1.1039895568283862	1.3516313310772026	0.0	exact binomial descriptive OOF interval
three_paradigm	social_context	matrix	socialdoors_negative	sharedreward_positive	1	three_paradigm:social_context:socialdoors_negative:sharedreward_positive	178	120.0	0.6741573033707865	0.6000155944701042	0.7423850854331857	3.899405811479287e-06	0.04118395580416068	0.03619139989048947	0.02897666404485336	0.053639125511104106	0.0	exact binomial descriptive OOF interval
three_paradigm	social_context	matrix	socialdoors_negative	sharedreward_negative	1	three_paradigm:social_context:socialdoors_negative:sharedreward_negative	178	109.0	0.6123595505617978	0.5365883972092618	0.6843222968905529	0.0033497141805529586	0.02321353753778524	0.023847230803558425	0.009200033069543385	0.03728408784029157	0.0	exact binomial descriptive OOF interval
three_paradigm	social_context	matrix	socialdoors_negative	trust_positive	1	three_paradigm:social_context:socialdoors_negative:trust_positive	178	132.0	0.7415730337078652	0.6707479167583282	0.8041669958153488	8.024591151207619e-11	0.16837700838690683	0.15407536704635127	0.1339870041366713	0.20209558652400797	0.0	exact binomial descriptive OOF interval
three_paradigm	social_context	matrix	socialdoors_negative	trust_negative	1	three_paradigm:social_context:socialdoors_negative:trust_negative	178	139.0	0.7808988764044944	0.7128803792200675	0.8393176473366539	2.2895597987626088e-14	0.17419656703840303	0.16800338821714977	0.14218338385741455	0.20520873913603865	0.0	exact binomial descriptive OOF interval
three_paradigm	social_context	matrix	socialdoors_negative	socialdoors_positive	1	three_paradigm:social_context:socialdoors_negative:socialdoors_positive	178	165.0	0.9269662921348315	0.8783481154078149	0.9605414434776697	1.0449754659157278e-34	1.2426178533045047	1.20589784799843	1.1168267181999458	1.37083652900236	0.0	exact binomial descriptive OOF interval
three_paradigm	social_context	matrix	socialdoors_negative	socialdoors_negative	1	three_paradigm:social_context:socialdoors_negative:socialdoors_negative	178	166.0	0.9325842696629213	0.8851999191889953	0.9646827388856669	8.127113244139915e-36	1.2452928658698583	1.2317905860955642	1.1234924052339912	1.3690078364111051	0.0	exact binomial descriptive OOF interval
partner_pair	social_context	collapsed	collapsed_common	sharedreward	1	partner_pair:social_context:collapsed_common:sharedreward	192	185.0	0.9635416666666666	0.9263273640737973	0.985218399512193	5.655433205533852e-46	1.1303456268506145	1.0993377387926964	1.0285435422770712	1.2347278476706327	0.0	exact binomial descriptive OOF interval
partner_pair	social_context	collapsed	collapsed_common	trust	1	partner_pair:social_context:collapsed_common:trust	192	183.0	0.953125	0.9128841812046543	0.9783447193238117	2.705254279130327e-43	2.257644461231345	2.1588066658156944	2.045639472103691	2.470756444473502	0.0	exact binomial descriptive OOF interval
