family	train_tasks	test_task	scope	chance	analysis	n	accuracy	ci_low	ci_high	mean_margin	binomial_p	n_correct	median_margin	margin_ci_low	margin_ci_high	ties	holm_p_binary_family
partner_reward	sharedreward	sharedreward	pairwise	0.3333333333333333	partner_reward:sharedreward:sharedreward:pairwise	192	0.3489583333333333	0.3107638888888889	0.38888888888888884	-0.23793640289518106							
partner_reward	sharedreward	trust	pairwise	0.3333333333333333	partner_reward:sharedreward:trust:pairwise	192	0.3368055555555555	0.2986111111111111	0.375	-0.5824313892579484							
partner_reward	trust	sharedreward	pairwise	0.3333333333333333	partner_reward:trust:sharedreward:pairwise	192	0.3541666666666667	0.31597222222222215	0.3923611111111111	-0.11944234350691073							
partner_reward	trust	trust	pairwise	0.3333333333333333	partner_reward:trust:trust:pairwise	192	0.3350694444444445	0.30034722222222227	0.3697916666666667	-0.2783671023428118							
partner_reward	sharedreward+trust	sharedreward	common	0.3333333333333333	partner_reward:sharedreward+trust:sharedreward:common	192	0.3333333333333333	0.2951388888888889	0.37152777777777785	-0.2439778278800667							
partner_reward	sharedreward+trust	trust	common	0.3333333333333333	partner_reward:sharedreward+trust:trust:common	192	0.34375	0.3038194444444444	0.3819444444444445	-0.5725431346888842							
social_reward	sharedreward	sharedreward	pairwise	0.5	social_reward:sharedreward:sharedreward:pairwise	192	0.4947916666666667	0.42203179057313345	0.5677148290209071	-0.00615512910069602	0.9424925696532239	95.0	-0.00650806087328208	-0.07762137838827018	0.06679187989148942	0.0	1.0
social_reward	sharedreward	trust	pairwise	0.5	social_reward:sharedreward:trust:pairwise	192	0.53125	0.45805126933704565	0.6034689306249662	0.11846170668223821	0.4273545893965867	102.0	0.1285782512243962	-0.06386523242335877	0.2973464167019784	0.0	1.0
social_reward	trust	sharedreward	pairwise	0.5	social_reward:trust:sharedreward:pairwise	192	0.5	0.42715469335547035	0.5728453066445296	0.017640382970611976	1.0	96.0	0.0036064427678675183	-0.0165966050584239	0.0509595500975224	0.0	1.0
social_reward	trust	trust	pairwise	0.5	social_reward:trust:trust:pairwise	192	0.53125	0.45805126933704565	0.6034689306249662	0.05470476184704568	0.4273545893965867	102.0	0.04546523893564963	-0.01894341232814602	0.12851730240717582	0.0	1.0
social_reward	sharedreward+trust	sharedreward	common	0.5	social_reward:sharedreward+trust:sharedreward:common	192	0.4895833333333333	0.41691646503371776	0.5625767765045214	0.001236648214697416	0.828663429173007	94.0	-0.0072148446802408825	-0.06158396282978511	0.06596682803301872	0.0	1.0
social_reward	sharedreward+trust	trust	common	0.5	social_reward:sharedreward+trust:trust:common	192	0.5520833333333334	0.47880115792024447	0.6237322553309775	0.08255438791512414	0.17014785959635745	106.0	0.06984539461333353	-0.08001447942903439	0.23777531282864314	0.0	1.0
social_context	sharedreward	sharedreward	pairwise	0.5	social_context:sharedreward:sharedreward:pairwise	192	0.9583333333333334	0.9195534273442497	0.9818422838774983	1.1597450762470987	1.315434622901097e-44	184.0	1.0963117191551623	1.055210148247772	1.2691135296235847	0.0	6.577173114505485e-44
social_context	sharedreward	trust	pairwise	0.5	social_context:sharedreward:trust:pairwise	192	0.9375	0.8933706834337283	0.9672914165209983	2.1427355572236007	1.2583109015163895e-39	180.0	2.063972736389835	1.9180967616619315	2.36546568706116	0.0	2.516621803032779e-39
social_context	trust	sharedreward	pairwise	0.5	social_context:trust:sharedreward:pairwise	192	0.8854166666666666	0.831670084586069	0.926781586203589	0.38979228283589235	1.5895811738043896e-29	170.0	0.39776789436336557	0.3389829345190994	0.4397964402622168	0.0	1.5895811738043896e-29
social_context	trust	trust	pairwise	0.5	social_context:trust:trust:pairwise	192	0.9427083333333334	0.8998032058242709	0.9710565083499306	1.3896514157599527	8.290770028243999e-41	181.0	1.2902628302251953	1.2624926697170002	1.5156245146548855	0.0	2.4872310084731996e-40
social_context	sharedreward+trust	sharedreward	common	0.5	social_context:sharedreward+trust:sharedreward:common	192	0.9635416666666666	0.9263273640737973	0.985218399512193	1.1303456268506142	5.655433205533852e-46	185.0	1.0993377387926964	1.029622662674544	1.2344751268884098	0.0	3.393259923320311e-45
social_context	sharedreward+trust	trust	common	0.5	social_context:sharedreward+trust:trust:common	192	0.953125	0.9128841812046543	0.9783447193238117	2.257644461231345	2.705254279130327e-43	183.0	2.1588066658156935	2.042178591365061	2.4702975153992326	0.0	1.0821017116521308e-42
closeness_positive	sharedreward	sharedreward	pairwise	0.5	closeness_positive:sharedreward:sharedreward:pairwise	192	0.7760416666666666	0.7104265051676343	0.8329269121440912	0.5397657340278706	6.858813482497534e-15	149.0	0.47060801268308783	0.4383895044186116	0.6427140303601806	0.0	2.7435253929990135e-14
closeness_positive	sharedreward	trust	pairwise	0.5	closeness_positive:sharedreward:trust:pairwise	192	0.7552083333333334	0.6881067225286773	0.8142516306681493	1.0994289216956126	7.966167417768738e-13	145.0	0.9816887496667658	0.8631063721769764	1.3448754447088729	0.0	1.5932334835537475e-12
closeness_positive	trust	sharedreward	pairwise	0.5	closeness_positive:trust:sharedreward:pairwise	192	0.6770833333333334	0.6059774151389595	0.7426205609676235	0.16220898034336048	1.0370122869690994e-06	130.0	0.18650308184448317	0.11305791972228058	0.21274103899852043	0.0	1.0370122869690994e-06
closeness_positive	trust	trust	pairwise	0.5	closeness_positive:trust:trust:pairwise	192	0.8072916666666666	0.7442995413485155	0.8605369353292444	0.5921614102028361	2.2424679560604087e-18	155.0	0.5352204337875501	0.48311788776062153	0.6992394165784012	0.0	1.3454807736362452e-17
closeness_positive	sharedreward+trust	sharedreward	common	0.5	closeness_positive:sharedreward+trust:sharedreward:common	192	0.765625	0.699242058466074	0.8236143660708974	0.46733506055517204	7.824674896926337e-14	147.0	0.42267556874878337	0.373650081761988	0.5654724585539009	0.0	2.347402469077901e-13
closeness_positive	sharedreward+trust	trust	common	0.5	closeness_positive:sharedreward+trust:trust:common	192	0.78125	0.7160378682983012	0.8375636001532413	1.1123994300969757	1.943554162547832e-15	150.0	1.014206724733111	0.9029696350536316	1.322678456549902	0.0	9.71777081273916e-15
closeness_negative	sharedreward	sharedreward	pairwise	0.5	closeness_negative:sharedreward:sharedreward:pairwise	192	0.8177083333333334	0.7557071623498033	0.8696204117114491	0.5279557893761421	1.1954956427242961e-19	157.0	0.5392525650319797	0.4284274542381156	0.6246215636669386	0.0	4.781982570897185e-19
closeness_negative	sharedreward	trust	pairwise	0.5	closeness_negative:sharedreward:trust:pairwise	192	0.8177083333333334	0.7557071623498033	0.8696204117114491	1.4050543943491858	1.1954956427242961e-19	157.0	1.3154053826193721	1.172453909178396	1.6424198375169894	0.0	4.781982570897185e-19
closeness_negative	trust	sharedreward	pairwise	0.5	closeness_negative:trust:sharedreward:pairwise	192	0.75	0.6825568075430798	0.8095521420552284	0.21153127567599728	2.438228653233817e-12	144.0	0.18721677443901358	0.1628075910944229	0.26099578716057	0.0	2.438228653233817e-12
closeness_negative	trust	trust	pairwise	0.5	closeness_negative:trust:trust:pairwise	192	0.8802083333333334	0.8256915588148123	0.9225259536856886	0.9768559227580441	1.1838256997576382e-28	169.0	0.976280899745183	0.8500668935143834	1.102870152147278	0.0	7.10295419854583e-28
closeness_negative	sharedreward+trust	sharedreward	common	0.5	closeness_negative:sharedreward+trust:sharedreward:common	192	0.8020833333333334	0.7386186439042448	0.8559716070602097	0.5072891495356243	9.241672580199123e-18	154.0	0.47148933295191026	0.41187070907319573	0.6012844844569718	0.0	1.8483345160398246e-17
closeness_negative	sharedreward+trust	trust	common	0.5	closeness_negative:sharedreward+trust:trust:common	192	0.8385416666666666	0.7787200958243937	0.8875832767713043	1.501065450367399	2.2362970247160256e-22	161.0	1.4777465647803307	1.2799054249483497	1.717908443989389	0.0	1.1181485123580127e-21
closeness_reward	sharedreward	sharedreward	pairwise	0.5	closeness_reward:sharedreward:sharedreward:pairwise	192	0.5416666666666666	0.46841092365218334	0.6136159212129747	0.04755074795869051	0.27898176903639194	104.0	0.05348958473448419	-0.027654191800049275	0.1249364734419378	0.0	1.0
closeness_reward	sharedreward	trust	pairwise	0.5	closeness_reward:sharedreward:trust:pairwise	192	0.5	0.42715469335547035	0.5728453066445296	0.045438612546611475	1.0	96.0	-0.032754858475412235	-0.13086156440273805	0.21514240036733476	0.0	1.0
closeness_reward	trust	sharedreward	pairwise	0.5	closeness_reward:trust:sharedreward:pairwise	192	0.4947916666666667	0.42203179057313345	0.5677148290209071	-0.005217710832181907	0.9424925696532239	95.0	-0.004343094824978879	-0.042624783262088045	0.03311974507577189	0.0	1.0
closeness_reward	trust	trust	pairwise	0.5	closeness_reward:trust:trust:pairwise	192	0.5677083333333334	0.49444423091873646	0.6388488473947961	0.08161722786560223	0.07091955904416082	109.0	0.07125612824943246	-0.0008917174149438217	0.1649252698380198	0.0	0.42551735426496495
closeness_reward	sharedreward+trust	sharedreward	common	0.5	closeness_reward:sharedreward+trust:sharedreward:common	192	0.5364583333333334	0.46322728303367594	0.6085462477122554	0.024323043405705277	0.34817116713181906	103.0	0.041378708910665696	-0.046320069289133625	0.09715924583207897	0.0	1.0
closeness_reward	sharedreward+trust	trust	common	0.5	closeness_reward:sharedreward+trust:trust:common	192	0.5052083333333334	0.43228517097909297	0.5779682094268666	0.04203125063145382	0.9424925696532239	97.0	0.036033805307841324	-0.12102596217146959	0.2019788886423457	0.0	1.0
valence	sharedreward	sharedreward	pairwise	0.5	valence:sharedreward:sharedreward:pairwise	192	0.8333333333333334	0.7729407225088462	0.8831196010618338	0.5280861891899625	1.1353618543674251e-21	160.0	0.5076895071440499	0.45320373328361613	0.602259592142935	0.0	2.2707237087348502e-21
valence	sharedreward	trust	pairwise	0.5	valence:sharedreward:trust:pairwise	192	0.8958333333333334	0.8437131678695671	0.9352019682738462	1.7416074988155739	2.4604497446499028e-31	172.0	1.6217170666021734	1.5476516039917323	1.9346102815040418	0.0	9.841798978599611e-31
valence	trust	sharedreward	pairwise	0.5	valence:trust:sharedreward:pairwise	192	0.7760416666666666	0.7104265051676343	0.8329269121440912	0.18652044409910204	6.858813482497534e-15	149.0	0.18203490948430368	0.15512816139053887	0.2183957047514804	0.0	6.858813482497534e-15
valence	trust	trust	pairwise	0.5	valence:trust:trust:pairwise	192	0.9479166666666666	0.9063046397305597	0.9747446723015589	1.1341269004494756	4.98041622273063e-42	182.0	1.0755239707743625	1.0370352026776302	1.234586420893589	0.0	2.4902081113653153e-41
valence	sharedreward+trust	sharedreward	common	0.5	valence:sharedreward+trust:sharedreward:common	192	0.8645833333333334	0.8079101793295471	0.9095969898449895	0.5570799707110591	3.6839558857814544e-26	166.0	0.5734899463899046	0.48618110543602394	0.6280090199047977	0.0	1.1051867657344363e-25
valence	sharedreward+trust	trust	common	0.5	valence:sharedreward+trust:trust:common	192	0.953125	0.9128841812046543	0.9783447193238117	2.024432266345084	2.705254279130327e-43	183.0	1.9036903995363046	1.8298845734784353	2.2201235343262073	0.0	1.6231525674781962e-42
