family	task	n	pearson_r	spearman_rho	icc_3_1
closeness_negative	sharedreward	186	0.13210440543373042	0.10622362918378099	0.13208292294330246
closeness_negative	trust	192	0.0846770733769547	0.0553705612673955	0.0846656911623743
closeness_positive	sharedreward	186	0.30000839390621686	0.2616516464713808	0.2984758921690182
closeness_positive	trust	192	0.2229213452322073	0.1349964734286412	0.22122721829606598
closeness_reward	sharedreward	186	-0.001853252139963752	-0.012139550279967735	-0.0018463228179233819
closeness_reward	trust	192	0.10194478300859869	0.11354033855085045	0.10125279871619514
social_context	sharedreward	186	0.234176567841615	0.20676957792707315	0.2341757742674021
social_context	trust	192	0.026122711803113957	0.038366722730108785	0.02612088302885356
social_reward	sharedreward	186	0.0005698375687400096	-0.02993626712791798	0.0005528289293017536
social_reward	trust	192	-0.10621550938310201	-0.10917620649431681	-0.10491498644411573
valence	sharedreward	186	0.08914507470441148	0.0687242702422968	0.0866009560889141
valence	trust	192	0.030236021245582483	0.021690109323712126	0.030222828626618643
