family_a	family_b	kind	spatial_r	intersection_voxels	resampled_for_comparison
social_context	social_reward	weight	-0.013304254980402296	84045	False
social_context	social_reward	haufe	-0.10757189020579615	84045	False
social_context	social_reward	mean_difference	-0.07690269120121128	84045	False
social_context	closeness_positive	weight	0.13972127508370882	84032	False
social_context	closeness_positive	haufe	0.6401638708538319	84032	False
social_context	closeness_positive	mean_difference	0.6136294040798869	84032	False
social_context	closeness_negative	weight	0.15614400578067664	84032	False
social_context	closeness_negative	haufe	0.7060467882154311	84032	False
social_context	closeness_negative	mean_difference	0.6885103902717129	84032	False
social_context	valence	weight	-0.029637228503227503	84032	False
social_context	valence	haufe	-0.12360936007294922	84032	False
social_context	valence	mean_difference	-0.15280637279934955	84032	False
social_reward	closeness_positive	weight	-0.01657899308680056	84032	False
social_reward	closeness_positive	haufe	-0.07743332568085398	84032	False
social_reward	closeness_positive	mean_difference	-0.18693076548178078	84032	False
social_reward	closeness_negative	weight	-0.00033815903525961173	84032	False
social_reward	closeness_negative	haufe	-0.12345347851825589	84032	False
social_reward	closeness_negative	mean_difference	-0.2256905382940164	84032	False
social_reward	valence	weight	0.21966703710915556	84032	False
social_reward	valence	haufe	0.1873274452700469	84032	False
social_reward	valence	mean_difference	0.1533699387687531	84032	False
closeness_positive	closeness_negative	weight	0.14048295549445275	84133	False
closeness_positive	closeness_negative	haufe	0.8329616099307002	84133	False
closeness_positive	closeness_negative	mean_difference	0.8208600938757246	84133	False
closeness_positive	valence	weight	-0.008155063879988761	84133	False
closeness_positive	valence	haufe	-0.09735436339438054	84133	False
closeness_positive	valence	mean_difference	-0.13539290378722177	84133	False
closeness_negative	valence	weight	-0.0025906051782514697	84133	False
closeness_negative	valence	haufe	-0.2673782829656539	84133	False
closeness_negative	valence	mean_difference	-0.2602345733309926	84133	False
