cohort	family	sign	voxel_count	peak_absolute_haufe	peak_signed_haufe	x	y	z	mean_haufe	connectivity	inferential_p
three_paradigm	social_context	-1	18898	16.94028663635254	-16.94028663635254	11.599998474121094	-72.00000238418579	11.160000801086426	-4.394192218780518	6	not_applicable
three_paradigm	social_context	-1	425	8.228492736816406	-8.228492736816406	-47.800002574920654	-80.10000252723694	8.190000772476196	-3.758272647857666	6	not_applicable
three_paradigm	social_context	-1	119	4.949835300445557	-4.949835300445557	-23.500002145767212	-53.10000205039978	-21.5099995136261	-2.9901974201202393	6	not_applicable
three_paradigm	social_context	-1	132	6.295031547546387	-6.295031547546387	-31.60000228881836	-45.00000190734863	-48.239999771118164	-3.3185548782348633	6	not_applicable
three_paradigm	social_context	-1	24	3.064516544342041	-3.064516544342041	-26.200002193450928	52.19999980926514	-12.59999942779541	-2.4476325511932373	6	not_applicable
three_paradigm	social_context	-1	372	9.855406761169434	-9.855406761169434	-1.9000017642974854	-34.20000171661377	-6.659999370574951	-4.735116481781006	6	not_applicable
three_paradigm	social_context	-1	130	10.169126510620117	-10.169126510620117	-4.600001811981201	-15.300001382827759	-36.359999656677246	-4.56072473526001	6	not_applicable
three_paradigm	social_context	-1	71	4.261943340301514	-4.261943340301514	22.399998664855957	41.39999961853027	-3.6899993419647217	-2.3832709789276123	6	not_applicable
three_paradigm	social_context	-1	256	5.893953323364258	-5.893953323364258	35.899998903274536	46.799999713897705	28.980000972747803	-3.4661569595336914	6	not_applicable
three_paradigm	social_context	1	629	7.373432159423828	7.373432159423828	-50.50000262260437	-36.900001764297485	-0.7199993133544922	3.624777317047119	6	not_applicable
three_paradigm	social_context	1	810	13.851349830627441	13.851349830627441	-50.50000262260437	-61.20000219345093	28.980000972747803	6.147252559661865	6	not_applicable
three_paradigm	social_context	1	13052	24.175535202026367	24.175535202026367	-1.9000017642974854	-45.00000190734863	5.220000743865967	6.400671482086182	6	not_applicable
three_paradigm	social_context	1	693	17.565505981445312	17.565505981445312	57.49999928474426	-61.20000219345093	26.010000944137573	7.30562162399292	6	not_applicable
three_paradigm	social_reward	-1	25	5.278164386749268	-5.278164386749268	-61.30000281333923	-28.800001621246338	-6.659999370574951	-4.035983562469482	6	not_applicable
three_paradigm	social_reward	-1	89	7.494370460510254	-7.494370460510254	-58.60000276565552	8.999999046325684	2.2500007152557373	-5.176198482513428	6	not_applicable
three_paradigm	social_reward	-1	211	8.295040130615234	-8.295040130615234	-39.70000243186951	-58.50000214576721	-24.479999542236328	-4.09600305557251	6	not_applicable
three_paradigm	social_reward	-1	38	12.744033813476562	-12.744033813476562	-47.800002574920654	19.799999237060547	-6.659999370574951	-7.5291571617126465	6	not_applicable
three_paradigm	social_reward	-1	29	9.52642822265625	-9.52642822265625	-31.60000228881836	-63.900002241134644	64.62000131607056	-6.071203231811523	6	not_applicable
three_paradigm	social_reward	-1	24	6.6289381980896	-6.6289381980896	-26.200002193450928	30.59999942779541	-21.5099995136261	-5.059061527252197	6	not_applicable
three_paradigm	social_reward	-1	35	9.503946304321289	-9.503946304321289	-18.10000205039978	-90.9000027179718	-24.479999542236328	-5.943444728851318	6	not_applicable
three_paradigm	social_reward	-1	55	6.629786014556885	-6.629786014556885	-28.900002241134644	52.19999980926514	28.980000972747803	-4.293741226196289	6	not_applicable
three_paradigm	social_reward	-1	32	7.04274320602417	-7.04274320602417	-7.300001859664917	-58.50000214576721	73.53000140190125	-4.703889846801758	6	not_applicable
three_paradigm	social_reward	-1	26	7.929973602294922	-7.929973602294922	-12.700001955032349	57.59999990463257	-18.53999948501587	-5.101226329803467	6	not_applicable
three_paradigm	social_reward	-1	28	7.838334560394287	-7.838334560394287	0.7999982833862305	-55.800002098083496	-39.329999685287476	-5.464416027069092	6	not_applicable
three_paradigm	social_reward	-1	29	9.87724494934082	-9.87724494934082	0.7999982833862305	38.69999957084656	-0.7199993133544922	-6.233689785003662	6	not_applicable
three_paradigm	social_reward	-1	37	8.273153305053711	-8.273153305053711	0.7999982833862305	35.99999952316284	26.010000944137573	-5.272271633148193	6	not_applicable
three_paradigm	social_reward	-1	36	7.3913798332214355	-7.3913798332214355	3.4999983310699463	8.999999046325684	64.62000131607056	-4.969755172729492	6	not_applicable
three_paradigm	social_reward	-1	33	8.67005443572998	-8.67005443572998	-1.9000017642974854	57.59999990463257	14.130000829696655	-5.948802947998047	6	not_applicable
three_paradigm	social_reward	-1	27	7.410365581512451	-7.410365581512451	0.7999982833862305	14.399999141693115	31.950001001358032	-4.894926071166992	6	not_applicable
three_paradigm	social_reward	-1	37	11.360140800476074	-11.360140800476074	8.899998426437378	-90.9000027179718	-18.53999948501587	-8.376343727111816	6	not_applicable
three_paradigm	social_reward	-1	25	7.075573921203613	-7.075573921203613	6.199998378753662	-74.7000024318695	-12.59999942779541	-5.261590957641602	6	not_applicable
three_paradigm	social_reward	-1	160	7.0890913009643555	-7.0890913009643555	41.29999899864197	-61.20000219345093	-24.479999542236328	-4.238125324249268	6	not_applicable
three_paradigm	social_reward	-1	48	9.957179069519043	-9.957179069519043	33.19999885559082	17.09999918937683	-18.53999948501587	-6.389235973358154	6	not_applicable
three_paradigm	social_reward	-1	26	7.636363506317139	-7.636363506317139	43.999999046325684	-77.40000247955322	-24.479999542236328	-5.690650463104248	6	not_applicable
three_paradigm	social_reward	-1	49	12.172237396240234	-12.172237396240234	52.09999918937683	19.799999237060547	-6.659999370574951	-7.0623369216918945	6	not_applicable
three_paradigm	social_reward	-1	72	7.2123236656188965	-7.2123236656188965	49.399999141693115	-23.400001525878906	-6.659999370574951	-4.5317206382751465	6	not_applicable
three_paradigm	social_reward	-1	21	6.573716163635254	-6.573716163635254	49.399999141693115	22.499999284744263	11.160000801086426	-4.335163593292236	6	not_applicable
three_paradigm	social_reward	1	34	5.923609256744385	5.923609256744385	-53.200002670288086	-18.000001430511475	8.190000772476196	4.280094623565674	6	not_applicable
three_paradigm	social_reward	1	75	5.451976776123047	5.451976776123047	-58.60000276565552	-58.50000214576721	-12.59999942779541	3.7232396602630615	6	not_applicable
three_paradigm	social_reward	1	53	5.312117099761963	5.312117099761963	-61.30000281333923	3.599998950958252	-3.6899993419647217	3.859034299850464	6	not_applicable
three_paradigm	social_reward	1	31	6.8591790199279785	6.8591790199279785	-37.00000238418579	-18.000001430511475	-33.38999962806702	5.064457893371582	6	not_applicable
three_paradigm	social_reward	1	95	9.76577377319336	9.76577377319336	-28.900002241134644	-47.70000195503235	-9.62999939918518	5.125472068786621	6	not_applicable
three_paradigm	social_reward	1	22	5.171013832092285	5.171013832092285	-34.300002336502075	11.6999990940094	61.65000128746033	3.7424848079681396	6	not_applicable
three_paradigm	social_reward	1	199	6.906287670135498	6.906287670135498	-26.200002193450928	30.59999942779541	52.74000120162964	4.067193031311035	6	not_applicable
three_paradigm	social_reward	1	21	5.221346378326416	5.221346378326416	-23.500002145767212	65.70000004768372	-0.7199993133544922	4.275623321533203	6	not_applicable
three_paradigm	social_reward	1	42	3.6369855403900146	3.6369855403900146	-18.10000205039978	-82.80000257492065	-0.7199993133544922	2.7186434268951416	6	not_applicable
three_paradigm	social_reward	1	63	15.863515853881836	15.863515853881836	-10.000001907348633	-39.6000018119812	-51.209999799728394	7.576828956604004	6	not_applicable
three_paradigm	social_reward	1	23	7.316941738128662	7.316941738128662	-1.9000017642974854	-47.70000195503235	-15.56999945640564	5.220144748687744	6	not_applicable
three_paradigm	social_reward	1	121	8.414533615112305	8.414533615112305	-1.9000017642974854	-39.6000018119812	43.83000111579895	3.908555507659912	6	not_applicable
three_paradigm	social_reward	1	38	8.896090507507324	8.896090507507324	-1.9000017642974854	65.70000004768372	-6.659999370574951	5.475673675537109	6	not_applicable
three_paradigm	social_reward	1	36	16.27812385559082	16.27812385559082	0.7999982833862305	-50.400002002716064	-48.239999771118164	9.361486434936523	6	not_applicable
three_paradigm	social_reward	1	107	4.988515377044678	4.988515377044678	0.7999982833862305	-20.70000147819519	55.71000123023987	3.091092586517334	6	not_applicable
three_paradigm	social_reward	1	60	7.786233901977539	7.786233901977539	14.29999852180481	-55.800002098083496	14.130000829696655	4.604579448699951	6	not_applicable
three_paradigm	social_reward	1	42	5.51886510848999	5.51886510848999	8.899998426437378	8.999999046325684	37.89000105857849	3.6851298809051514	6	not_applicable
three_paradigm	social_reward	1	122	5.429224014282227	5.429224014282227	14.29999852180481	-96.30000281333923	-3.6899993419647217	3.344045400619507	6	not_applicable
three_paradigm	social_reward	1	21	6.5761542320251465	6.5761542320251465	16.999998569488525	68.40000009536743	-0.7199993133544922	5.242101192474365	6	not_applicable
three_paradigm	social_reward	1	25	5.418022155761719	5.418022155761719	22.399998664855957	33.299999475479126	11.160000801086426	3.5904464721679688	6	not_applicable
three_paradigm	social_reward	1	30	7.334310054779053	7.334310054779053	22.399998664855957	-15.300001382827759	-21.5099995136261	5.221371173858643	6	not_applicable
three_paradigm	social_reward	1	34	7.501715660095215	7.501715660095215	25.099998712539673	14.399999141693115	64.62000131607056	4.855052947998047	6	not_applicable
three_paradigm	social_reward	1	54	9.112044334411621	9.112044334411621	27.79999876022339	-42.30000185966492	-9.62999939918518	5.252581596374512	6	not_applicable
three_paradigm	social_reward	1	28	4.714366912841797	4.714366912841797	27.79999876022339	-26.100001573562622	55.71000123023987	3.2974162101745605	6	not_applicable
three_paradigm	social_reward	1	30	6.345639705657959	6.345639705657959	41.29999899864197	-23.400001525878906	2.2500007152557373	4.204389572143555	6	not_applicable
three_paradigm	social_reward	1	38	7.120948791503906	7.120948791503906	62.899999380111694	14.399999141693115	14.130000829696655	4.8826799392700195	6	not_applicable
three_paradigm	social_reward	1	39	4.858030319213867	4.858030319213867	70.99999952316284	-26.100001573562622	5.220000743865967	3.823305130004883	6	not_applicable
partner_pair	closeness_positive	-1	12045	14.675284385681152	-14.675284385681152	62.899999380111694	3.599998950958252	2.2500007152557373	-3.6392576694488525	6	not_applicable
partner_pair	closeness_positive	-1	28	4.335137844085693	-4.335137844085693	-50.50000262260437	-39.6000018119812	-21.5099995136261	-2.9149813652038574	6	not_applicable
partner_pair	closeness_positive	-1	194	3.960785388946533	-3.960785388946533	-47.800002574920654	-69.30000233650208	11.160000801086426	-2.1776721477508545	6	not_applicable
partner_pair	closeness_positive	-1	481	9.802288055419922	-9.802288055419922	-39.70000243186951	52.19999980926514	23.040000915527344	-4.519687652587891	6	not_applicable
partner_pair	closeness_positive	-1	82	6.264007091522217	-6.264007091522217	-37.00000238418579	-45.00000190734863	-51.209999799728394	-3.903892993927002	6	not_applicable
partner_pair	closeness_positive	-1	29	3.302783250808716	-3.302783250808716	-31.60000228881836	-45.00000190734863	-36.359999656677246	-2.558061361312866	6	not_applicable
partner_pair	closeness_positive	-1	61	6.62498664855957	-6.62498664855957	-15.400002002716064	-4.5000011920928955	-42.299999713897705	-4.327069282531738	6	not_applicable
partner_pair	closeness_positive	-1	120	5.5737457275390625	-5.5737457275390625	-15.400002002716064	27.899999380111694	-15.56999945640564	-3.2866291999816895	6	not_applicable
partner_pair	closeness_positive	-1	75	5.537362575531006	-5.537362575531006	-18.10000205039978	-47.70000195503235	-60.11999988555908	-3.318284511566162	6	not_applicable
partner_pair	closeness_positive	-1	65	9.282014846801758	-9.282014846801758	-12.700001955032349	-1.8000011444091797	-21.5099995136261	-5.306996822357178	6	not_applicable
partner_pair	closeness_positive	-1	111	14.80017375946045	-14.80017375946045	0.7999982833862305	-20.70000147819519	-48.239999771118164	-5.92966365814209	6	not_applicable
partner_pair	closeness_positive	-1	30	3.5989370346069336	-3.5989370346069336	-12.700001955032349	22.499999284744263	14.130000829696655	-2.394627094268799	6	not_applicable
partner_pair	closeness_positive	-1	21	6.228451251983643	-6.228451251983643	-12.700001955032349	-18.000001430511475	-33.38999962806702	-3.896599292755127	6	not_applicable
partner_pair	closeness_positive	-1	117	10.665362358093262	-10.665362358093262	11.599998474121094	-1.8000011444091797	-21.5099995136261	-5.047061443328857	6	not_applicable
partner_pair	closeness_positive	-1	32	4.811407089233398	-4.811407089233398	8.899998426437378	-20.70000147819519	8.190000772476196	-3.2976632118225098	6	not_applicable
partner_pair	closeness_positive	-1	34	4.2908782958984375	-4.2908782958984375	11.599998474121094	-66.60000228881836	-54.17999982833862	-3.005439043045044	6	not_applicable
partner_pair	closeness_positive	-1	44	3.647864818572998	-3.647864818572998	14.29999852180481	-50.400002002716064	-24.479999542236328	-2.405038833618164	6	not_applicable
partner_pair	closeness_positive	-1	21	3.426114797592163	-3.426114797592163	16.999998569488525	-9.900001287460327	23.040000915527344	-2.4877986907958984	6	not_applicable
partner_pair	closeness_positive	-1	30	2.707332134246826	-2.707332134246826	16.999998569488525	49.49999976158142	-6.659999370574951	-2.0211825370788574	6	not_applicable
partner_pair	closeness_positive	-1	354	7.423598289489746	-7.423598289489746	38.59999895095825	46.799999713897705	31.950001001358032	-3.794235944747925	6	not_applicable
partner_pair	closeness_positive	-1	21	5.0708417892456055	-5.0708417892456055	25.099998712539673	-7.200001239776611	5.220000743865967	-3.384488344192505	6	not_applicable
partner_pair	closeness_positive	-1	38	4.675159931182861	-4.675159931182861	35.899998903274536	-50.400002002716064	-54.17999982833862	-3.4845998287200928	6	not_applicable
partner_pair	closeness_positive	-1	34	4.991916179656982	-4.991916179656982	41.29999899864197	-45.00000190734863	-33.38999962806702	-3.286931037902832	6	not_applicable
partner_pair	closeness_positive	1	722	9.141571044921875	9.141571044921875	-58.60000276565552	-12.600001335144043	-12.59999942779541	3.692058801651001	6	not_applicable
partner_pair	closeness_positive	1	798	13.16285514831543	13.16285514831543	-47.800002574920654	-61.20000219345093	34.92000102996826	5.901368618011475	6	not_applicable
partner_pair	closeness_positive	1	411	10.002415657043457	10.002415657043457	-31.60000228881836	14.399999141693115	-18.53999948501587	4.402754306793213	6	not_applicable
partner_pair	closeness_positive	1	4047	18.426639556884766	18.426639556884766	-1.9000017642974854	60.299999952316284	17.100000858306885	5.227308750152588	6	not_applicable
partner_pair	closeness_positive	1	552	6.289962291717529	6.289962291717529	-26.200002193450928	-80.10000252723694	-36.359999656677246	3.4833972454071045	6	not_applicable
partner_pair	closeness_positive	1	174	18.294418334960938	18.294418334960938	0.7999982833862305	6.299998998641968	-12.59999942779541	5.685388088226318	6	not_applicable
partner_pair	closeness_positive	1	1926	23.915571212768555	23.915571212768555	0.7999982833862305	-50.400002002716064	23.040000915527344	7.312733173370361	6	not_applicable
partner_pair	closeness_positive	1	249	12.684663772583008	12.684663772583008	6.199998378753662	-50.400002002716064	-42.299999713897705	5.705949306488037	6	not_applicable
partner_pair	closeness_positive	1	385	6.802855491638184	6.802855491638184	30.499998807907104	-77.40000247955322	-36.359999656677246	3.2964348793029785	6	not_applicable
partner_pair	closeness_positive	1	98	4.651090145111084	4.651090145111084	19.69999861717224	-90.9000027179718	-12.59999942779541	3.0481224060058594	6	not_applicable
partner_pair	closeness_positive	1	39	5.215605735778809	5.215605735778809	19.69999861717224	6.299998998641968	-12.59999942779541	3.5254719257354736	6	not_applicable
partner_pair	closeness_positive	1	820	8.759404182434082	8.759404182434082	57.49999928474426	22.499999284744263	28.980000972747803	4.231329917907715	6	not_applicable
partner_pair	closeness_positive	1	1440	10.291467666625977	10.291467666625977	49.399999141693115	-55.800002098083496	26.010000944137573	3.9425299167633057	6	not_applicable
partner_pair	closeness_positive	1	33	3.961747407913208	3.961747407913208	38.59999895095825	-63.900002241134644	-24.479999542236328	2.90939998626709	6	not_applicable
partner_pair	closeness_negative	-1	21436	16.339927673339844	-16.339927673339844	-53.200002670288086	-34.20000171661377	58.6800012588501	-3.8719522953033447	6	not_applicable
partner_pair	closeness_negative	-1	354	14.90032958984375	-14.90032958984375	-10.000001907348633	-36.900001764297485	-54.17999982833862	-3.557573080062866	6	not_applicable
partner_pair	closeness_negative	-1	51	3.723289966583252	-3.723289966583252	-20.800002098083496	-69.30000233650208	-51.209999799728394	-2.568366765975952	6	not_applicable
partner_pair	closeness_negative	-1	45	10.29879093170166	-10.29879093170166	-12.700001955032349	-1.8000011444091797	-24.479999542236328	-6.089473247528076	6	not_applicable
partner_pair	closeness_negative	-1	224	6.814850807189941	-6.814850807189941	8.899998426437378	-42.30000185966492	-57.14999985694885	-3.642194986343384	6	not_applicable
partner_pair	closeness_negative	-1	28	3.6990702152252197	-3.6990702152252197	11.599998474121094	-20.70000147819519	5.220000743865967	-2.853813409805298	6	not_applicable
partner_pair	closeness_negative	-1	37	7.115546226501465	-7.115546226501465	22.399998664855957	-15.300001382827759	-18.53999948501587	-5.1126017570495605	6	not_applicable
partner_pair	closeness_negative	-1	36	2.404672384262085	-2.404672384262085	30.499998807907104	-42.30000185966492	26.010000944137573	-1.6876851320266724	6	not_applicable
partner_pair	closeness_negative	-1	94	4.969218730926514	-4.969218730926514	35.899998903274536	-42.30000185966492	-36.359999656677246	-2.937251329421997	6	not_applicable
partner_pair	closeness_negative	1	3234	18.58576011657715	18.58576011657715	-31.60000228881836	17.09999918937683	-15.56999945640564	5.992542743682861	6	not_applicable
partner_pair	closeness_negative	1	2327	15.135939598083496	15.135939598083496	6.199998378753662	-50.400002002716064	-45.269999742507935	4.768612384796143	6	not_applicable
partner_pair	closeness_negative	1	9926	28.709882736206055	28.709882736206055	0.7999982833862305	8.999999046325684	-12.59999942779541	6.513400554656982	6	not_applicable
partner_pair	closeness_negative	1	42	5.402403354644775	5.402403354644775	-39.70000243186951	-36.900001764297485	-21.5099995136261	3.3412885665893555	6	not_applicable
partner_pair	valence	-1	3336	8.450688362121582	-8.450688362121582	-47.800002574920654	19.799999237060547	-6.659999370574951	-2.435659646987915	6	not_applicable
partner_pair	valence	-1	113	2.9411230087280273	-2.9411230087280273	-31.60000228881836	-55.800002098083496	-30.419999599456787	-1.8790310621261597	6	not_applicable
partner_pair	valence	-1	162	4.76482629776001	-4.76482629776001	-47.800002574920654	-45.00000190734863	-48.239999771118164	-2.098015308380127	6	not_applicable
partner_pair	valence	-1	72	2.8996238708496094	-2.8996238708496094	-50.50000262260437	-12.600001335144043	37.89000105857849	-1.4254640340805054	6	not_applicable
partner_pair	valence	-1	190	3.7516567707061768	-3.7516567707061768	-23.500002145767212	-80.10000252723694	-33.38999962806702	-1.83004629611969	6	not_applicable
partner_pair	valence	-1	206	3.521233558654785	-3.521233558654785	-26.200002193450928	57.59999990463257	28.980000972747803	-1.9512648582458496	6	not_applicable
partner_pair	valence	-1	217	9.576822280883789	-9.576822280883789	3.4999983310699463	-34.20000171661377	2.2500007152557373	-3.909813165664673	6	not_applicable
partner_pair	valence	-1	2212	6.861931800842285	-6.861931800842285	3.4999983310699463	14.399999141693115	67.59000134468079	-2.366300106048584	6	not_applicable
partner_pair	valence	-1	30	2.7191381454467773	-2.7191381454467773	-7.300001859664917	-45.00000190734863	-36.359999656677246	-1.855180025100708	6	not_applicable
partner_pair	valence	-1	114	6.152492523193359	-6.152492523193359	-7.300001859664917	3.599998950958252	11.160000801086426	-2.622642993927002	6	not_applicable
partner_pair	valence	-1	75	2.509005308151245	-2.509005308151245	3.4999983310699463	-7.200001239776611	23.040000915527344	-1.6068730354309082	6	not_applicable
partner_pair	valence	-1	66	6.869516372680664	-6.869516372680664	-1.9000017642974854	-12.600001335144043	-18.53999948501587	-3.4015886783599854	6	not_applicable
partner_pair	valence	-1	47	5.098133087158203	-5.098133087158203	14.29999852180481	-28.800001621246338	-9.62999939918518	-3.0019164085388184	6	not_applicable
partner_pair	valence	-1	24	4.38913631439209	-4.38913631439209	11.599998474121094	0.8999989032745361	14.130000829696655	-2.6890926361083984	6	not_applicable
partner_pair	valence	-1	23	1.4617033004760742	-1.4617033004760742	14.29999852180481	-4.5000011920928955	40.86000108718872	-1.0641436576843262	6	not_applicable
partner_pair	valence	-1	46	3.4650278091430664	-3.4650278091430664	16.999998569488525	-39.6000018119812	11.160000801086426	-2.245251417160034	6	not_applicable
partner_pair	valence	-1	78	1.332397699356079	-1.332397699356079	19.69999861717224	-26.100001573562622	43.83000111579895	-0.9172625541687012	6	not_applicable
partner_pair	valence	-1	66	2.66790771484375	-2.66790771484375	25.099998712539673	-80.10000252723694	-33.38999962806702	-1.643654465675354	6	not_applicable
partner_pair	valence	-1	3204	7.852397441864014	-7.852397441864014	54.79999923706055	19.799999237060547	-3.6899993419647217	-2.6148250102996826	6	not_applicable
partner_pair	valence	-1	59	3.0874123573303223	-3.0874123573303223	46.6999990940094	-45.00000190734863	-48.239999771118164	-1.955240249633789	6	not_applicable
partner_pair	valence	-1	288	3.2715203762054443	-3.2715203762054443	43.999999046325684	8.999999046325684	52.74000120162964	-1.6489512920379639	6	not_applicable
partner_pair	valence	-1	34	1.7728458642959595	-1.7728458642959595	52.09999918937683	-39.6000018119812	-27.449999570846558	-1.4172487258911133	6	not_applicable
partner_pair	valence	1	444	3.750300407409668	3.750300407409668	-58.60000276565552	-47.70000195503235	-15.56999945640564	1.9235838651657104	6	not_applicable
partner_pair	valence	1	421	4.701460361480713	4.701460361480713	-47.800002574920654	-42.30000185966492	61.65000128746033	1.8964426517486572	6	not_applicable
partner_pair	valence	1	29	3.0547585487365723	3.0547585487365723	-50.50000262260437	6.299998998641968	20.070000886917114	2.1003832817077637	6	not_applicable
partner_pair	valence	1	60	3.3305180072784424	3.3305180072784424	-47.800002574920654	-66.60000228881836	46.80000114440918	2.112640142440796	6	not_applicable
partner_pair	valence	1	1212	6.715989589691162	6.715989589691162	0.7999982833862305	54.89999985694885	-3.6899993419647217	2.5999808311462402	6	not_applicable
partner_pair	valence	1	114	2.2116689682006836	2.2116689682006836	-39.70000243186951	-72.00000238418579	-39.329999685287476	1.4333951473236084	6	not_applicable
partner_pair	valence	1	445	5.612870693206787	5.612870693206787	-23.500002145767212	33.299999475479126	52.74000120162964	2.4249050617218018	6	not_applicable
partner_pair	valence	1	5529	8.00374984741211	8.00374984741211	14.29999852180481	-93.60000276565552	-0.7199993133544922	2.3890464305877686	6	not_applicable
partner_pair	valence	1	284	10.954865455627441	10.954865455627441	-12.700001955032349	6.299998998641968	-12.59999942779541	4.415561676025391	6	not_applicable
partner_pair	valence	1	115	2.846849203109741	2.846849203109741	-12.700001955032349	-55.800002098083496	76.50000143051147	1.8135290145874023	6	not_applicable
partner_pair	valence	1	35	3.2395167350769043	3.2395167350769043	-12.700001955032349	-47.70000195503235	-54.17999982833862	2.390397071838379	6	not_applicable
partner_pair	valence	1	257	4.256782054901123	4.256782054901123	-1.9000017642974854	-55.800002098083496	17.100000858306885	2.4984214305877686	6	not_applicable
partner_pair	valence	1	456	10.52468490600586	10.52468490600586	11.599998474121094	11.6999990940094	-6.659999370574951	4.201161861419678	6	not_applicable
partner_pair	valence	1	41	2.8279032707214355	2.8279032707214355	0.7999982833862305	0.8999989032745361	34.92000102996826	1.74131441116333	6	not_applicable
partner_pair	valence	1	45	3.5588035583496094	3.5588035583496094	11.599998474121094	-47.70000195503235	-42.299999713897705	2.0829944610595703	6	not_applicable
partner_pair	valence	1	163	3.9049956798553467	3.9049956798553467	30.499998807907104	63.0	-0.7199993133544922	2.152960777282715	6	not_applicable
partner_pair	valence	1	76	2.8268849849700928	2.8268849849700928	30.499998807907104	38.69999957084656	-9.62999939918518	1.6888034343719482	6	not_applicable
partner_pair	valence	1	281	4.253965854644775	4.253965854644775	27.79999876022339	14.399999141693115	58.6800012588501	2.1457560062408447	6	not_applicable
partner_pair	valence	1	30	2.3857569694519043	2.3857569694519043	27.79999876022339	-7.200001239776611	46.80000114440918	1.4533636569976807	6	not_applicable
partner_pair	valence	1	62	4.1680731773376465	4.1680731773376465	41.29999899864197	0.8999989032745361	11.160000801086426	2.2753210067749023	6	not_applicable
partner_pair	valence	1	62	3.234976053237915	3.234976053237915	68.29999947547913	-12.600001335144043	8.190000772476196	2.012413740158081	6	not_applicable
