cohort	family	task	n	positive_fraction	mean	median	mean_ci_low	mean_ci_high	q05	q95	minimum	maximum
three_paradigm	social_context	sharedreward	178	0.9550561797752809	0.9886465191542833	0.9746635067985401	0.8939076459136704	1.0833198588417154	0.04474199894214315	2.0981203113718365	-0.5372662619263002	2.9775808987732644
three_paradigm	social_context	socialdoors	178	0.7752808988764045	3.4819083545615768	3.1703867343749237	2.6934237705841384	4.25064569802092	-4.5792279126587	12.641280460249826	-16.94616979079488	18.081524903374337
three_paradigm	social_context	trust	178	0.9382022471910112	2.1773652280430102	1.9804916055255708	1.9600607019943665	2.3948293022490246	-0.1246024895937443	4.573049774590688	-1.6992009030783326	6.632398717588104
three_paradigm	social_reward	sharedreward	178	0.5	-0.014707288594267684	-0.0001424043017152002	-0.07557228560009026	0.04617575700703238	-0.6163023077984192	0.6747981987268145	-1.571339294860328	1.3938511436812084
three_paradigm	social_reward	socialdoors	178	0.5280898876404494	0.07711551578155643	0.12880981884455694	-0.1953427092870478	0.3504369148480825	-3.326906863778184	3.3309973787522784	-5.317824868979896	5.965530571444587
three_paradigm	social_reward	trust	178	0.5617977528089888	0.09665956358511048	0.1500705614038594	-0.04681079063564096	0.2398269421839158	-1.6546909015640263	1.5628253536803816	-2.776252754701807	3.6930799595389128
partner_pair	closeness_positive	sharedreward	192	0.765625	0.46733506127019425	0.42267557209317996	0.370490985137611	0.5650658247106597	-0.594678556364937	1.4811982513943078	-1.3708223178864	3.735565382101736
partner_pair	closeness_positive	trust	192	0.78125	1.1123994306115033	1.0142067181536558	0.9044413543387149	1.3247747464224995	-1.2342697379268484	3.2189745728454535	-3.1941871889112656	8.256788233989507
partner_pair	closeness_negative	sharedreward	192	0.8020833333333334	0.5072891498243769	0.4714893293138034	0.4124451389721994	0.6014080271843585	-0.5877594455179391	1.6718927080790282	-1.3889847941371822	2.445343534299522
partner_pair	closeness_negative	trust	192	0.8385416666666666	1.501065451647208	1.4777465628044752	1.2828391817583216	1.7202960494650288	-1.0145624391014307	3.943448266891905	-2.5465366408526497	6.640074537802866
partner_pair	valence	sharedreward	192	0.8645833333333334	0.5570799710060875	0.5734899477622571	0.4865542055159052	0.6270805665012492	-0.29518160403009264	1.3885336366779126	-0.6946800305755628	2.2479822886799785
partner_pair	valence	trust	192	0.953125	2.0244322662579317	1.9036903943722687	1.8290255826836888	2.2201677813383505	0.017344636926705282	4.572551297652428	-1.472111925286118	5.572210147891485
