cohort	family	task	primary_n	sensitivity_n	primary_accuracy	sensitivity_accuracy	accuracy_difference_sensitivity_minus_primary	raw_weight_r	intersection_voxels	resampled_for_comparison
three_paradigm	social_context	sharedreward	178	148	0.9550561797752808	0.9594594594594594	0.00440327968417864	0.9246051925632379	84035	False
three_paradigm	social_context	trust	178	148	0.9382022471910112	0.945945945945946	0.007743698754934858	0.9246051925632379	84035	False
three_paradigm	social_context	socialdoors	178	148	0.7752808988764045	0.8108108108108109	0.035529911934406355	0.9246051925632379	84035	False
three_paradigm	social_reward	sharedreward	178	148	0.5	0.4527027027027027	-0.047297297297297314	0.923995124469168	84035	False
three_paradigm	social_reward	trust	178	148	0.5617977528089888	0.581081081081081	0.019283328272092226	0.923995124469168	84035	False
three_paradigm	social_reward	socialdoors	178	148	0.5280898876404494	0.5337837837837838	0.005693896143334376	0.923995124469168	84035	False
partner_pair	closeness_positive	sharedreward	192	165	0.765625	0.7636363636363637	-0.0019886363636363313	0.9454582348526608	84131	False
partner_pair	closeness_positive	trust	192	165	0.78125	0.7818181818181819	0.0005681818181818565	0.9454582348526608	84131	False
partner_pair	closeness_negative	sharedreward	192	165	0.8020833333333334	0.7878787878787878	-0.014204545454545525	0.9404919074001222	84131	False
partner_pair	closeness_negative	trust	192	165	0.8385416666666666	0.8242424242424242	-0.014299242424242409	0.9404919074001222	84131	False
partner_pair	valence	sharedreward	192	165	0.8645833333333334	0.8727272727272727	0.008143939393939315	0.9486824628915005	84131	False
partner_pair	valence	trust	192	165	0.953125	0.9515151515151516	-0.001609848484848353	0.9486824628915005	84131	False
