cohort	family	task	n	pearson_r	spearman_rho	icc_3_1
three_paradigm	social_context	sharedreward	173	0.1201878666472441	0.11246181587254499	0.11985727287923807
three_paradigm	social_context	trust	178	0.023911597287181324	0.0611014236181669	0.023904974941054556
three_paradigm	social_reward	sharedreward	173	-0.008062163099551569	-0.07103290672179706	-0.007739637047666381
three_paradigm	social_reward	trust	178	-0.18113643436586765	-0.18883660361580504	-0.17593959149627086
partner_pair	closeness_positive	sharedreward	186	0.30000839390621686	0.2616516464713808	0.2984758921690181
partner_pair	closeness_positive	trust	192	0.22292134523220736	0.1349964734286412	0.22122721829606598
partner_pair	closeness_negative	sharedreward	186	0.13210440543373045	0.10622362918378099	0.13208292294330246
partner_pair	closeness_negative	trust	192	0.08467707337695468	0.0553705612673955	0.0846656911623743
partner_pair	closeness_reward	sharedreward	186	-0.001853252139963746	-0.012139550279967735	-0.0018463228179233819
partner_pair	closeness_reward	trust	192	0.10194478300859869	0.11354033855085045	0.10125279871619522
partner_pair	valence	sharedreward	186	0.08914507470441148	0.0687242702422968	0.08660095608891405
partner_pair	valence	trust	192	0.030236021245582476	0.021690109323712126	0.030222828626618643
