family	kind	model_a	model_b	spatial_r
social_context	weight	sharedreward	sharedreward	1.0
social_context	weight	sharedreward	trust	0.13161572065308194
social_context	weight	sharedreward	socialdoors	-0.04596832025811657
social_context	weight	sharedreward	common	0.8266808658414541
social_context	weight	trust	sharedreward	0.13161572065308194
social_context	weight	trust	trust	1.0
social_context	weight	trust	socialdoors	0.04194357361726341
social_context	weight	trust	common	0.35877754112773635
social_context	weight	socialdoors	sharedreward	-0.04596832025811656
social_context	weight	socialdoors	trust	0.041943573617263405
social_context	weight	socialdoors	socialdoors	0.9999999999999999
social_context	weight	socialdoors	common	0.18502755750254238
social_context	weight	common	sharedreward	0.826680865841454
social_context	weight	common	trust	0.35877754112773635
social_context	weight	common	socialdoors	0.1850275575025424
social_context	weight	common	common	1.0
social_context	haufe	sharedreward	sharedreward	1.0
social_context	haufe	sharedreward	trust	0.7851725713803661
social_context	haufe	sharedreward	socialdoors	0.36081714621292293
social_context	haufe	sharedreward	common	0.66268058846709
social_context	haufe	trust	sharedreward	0.7851725713803661
social_context	haufe	trust	trust	1.0
social_context	haufe	trust	socialdoors	0.5393621498184654
social_context	haufe	trust	common	0.7693758372633982
social_context	haufe	socialdoors	sharedreward	0.36081714621292293
social_context	haufe	socialdoors	trust	0.5393621498184654
social_context	haufe	socialdoors	socialdoors	1.0
social_context	haufe	socialdoors	common	0.8264096093550581
social_context	haufe	common	sharedreward	0.66268058846709
social_context	haufe	common	trust	0.7693758372633982
social_context	haufe	common	socialdoors	0.8264096093550583
social_context	haufe	common	common	1.0
social_context	mean_difference	sharedreward	sharedreward	1.0
social_context	mean_difference	sharedreward	trust	0.7667727604895492
social_context	mean_difference	sharedreward	socialdoors	0.34019642717515874
social_context	mean_difference	sharedreward	common	0.570423977425045
social_context	mean_difference	trust	sharedreward	0.7667727604895493
social_context	mean_difference	trust	trust	1.0
social_context	mean_difference	trust	socialdoors	0.5236868361357608
social_context	mean_difference	trust	common	0.7575893792455775
social_context	mean_difference	socialdoors	sharedreward	0.34019642717515874
social_context	mean_difference	socialdoors	trust	0.5236868361357608
social_context	mean_difference	socialdoors	socialdoors	0.9999999999999999
social_context	mean_difference	socialdoors	common	0.9506848754149905
social_context	mean_difference	common	sharedreward	0.570423977425045
social_context	mean_difference	common	trust	0.7575893792455775
social_context	mean_difference	common	socialdoors	0.9506848754149905
social_context	mean_difference	common	common	1.0
social_reward	weight	sharedreward	sharedreward	1.0
social_reward	weight	sharedreward	trust	0.03277091262682855
social_reward	weight	sharedreward	socialdoors	-0.010700030322776641
social_reward	weight	sharedreward	common	0.8228888215380705
social_reward	weight	trust	sharedreward	0.032770912626828554
social_reward	weight	trust	trust	1.0
social_reward	weight	trust	socialdoors	0.021717559800123343
social_reward	weight	trust	common	0.3535889174737812
social_reward	weight	socialdoors	sharedreward	-0.01070003032277664
social_reward	weight	socialdoors	trust	0.021717559800123343
social_reward	weight	socialdoors	socialdoors	1.0
social_reward	weight	socialdoors	common	0.23343515647214
social_reward	weight	common	sharedreward	0.8228888215380706
social_reward	weight	common	trust	0.3535889174737812
social_reward	weight	common	socialdoors	0.23343515647214003
social_reward	weight	common	common	1.0
social_reward	haufe	sharedreward	sharedreward	0.9999999999999998
social_reward	haufe	sharedreward	trust	0.03460509878576561
social_reward	haufe	sharedreward	socialdoors	-0.06586143396164672
social_reward	haufe	sharedreward	common	0.20646078079995817
social_reward	haufe	trust	sharedreward	0.03460509878576561
social_reward	haufe	trust	trust	0.9999999999999999
social_reward	haufe	trust	socialdoors	0.09321542198686343
social_reward	haufe	trust	common	0.48653392012596397
social_reward	haufe	socialdoors	sharedreward	-0.06586143396164672
social_reward	haufe	socialdoors	trust	0.09321542198686343
social_reward	haufe	socialdoors	socialdoors	0.9999999999999998
social_reward	haufe	socialdoors	common	0.7602639501143261
social_reward	haufe	common	sharedreward	0.20646078079995817
social_reward	haufe	common	trust	0.48653392012596397
social_reward	haufe	common	socialdoors	0.7602639501143262
social_reward	haufe	common	common	1.0
social_reward	mean_difference	sharedreward	sharedreward	1.0
social_reward	mean_difference	sharedreward	trust	0.0363788818622211
social_reward	mean_difference	sharedreward	socialdoors	-0.05862546067245655
social_reward	mean_difference	sharedreward	common	0.16801191888550657
social_reward	mean_difference	trust	sharedreward	0.0363788818622211
social_reward	mean_difference	trust	trust	1.0
social_reward	mean_difference	trust	socialdoors	0.0933933392671394
social_reward	mean_difference	trust	common	0.5681194360857962
social_reward	mean_difference	socialdoors	sharedreward	-0.05862546067245655
social_reward	mean_difference	socialdoors	trust	0.0933933392671394
social_reward	mean_difference	socialdoors	socialdoors	0.9999999999999998
social_reward	mean_difference	socialdoors	common	0.8484316330720715
social_reward	mean_difference	common	sharedreward	0.16801191888550654
social_reward	mean_difference	common	trust	0.5681194360857962
social_reward	mean_difference	common	socialdoors	0.8484316330720716
social_reward	mean_difference	common	common	1.0
