cohort	family	model	n_participants	n_training_maps	weight_haufe_r	weight_mean_r	haufe_mean_r
three_paradigm	social_context	sharedreward	178	356	0.4962496424015975	0.5431554992763457	0.9895073154551952
three_paradigm	social_context	trust	178	356	0.40648277685630424	0.45462693987270664	0.9931972156595192
three_paradigm	social_context	socialdoors	178	356	0.5954116114363676	0.6481099370483668	0.9894296741869685
three_paradigm	social_context	common	178	1068	0.1779291455051634	0.20914438083082737	0.9007090999485667
three_paradigm	social_reward	sharedreward	178	356	0.7843436293604029	0.7906624726418978	0.9983155079325459
three_paradigm	social_reward	trust	178	356	0.7731749306476214	0.7746796172863787	0.9995661786918586
three_paradigm	social_reward	socialdoors	178	356	0.7797289898559092	0.780255483727564	0.9998693113861914
three_paradigm	social_reward	common	178	1068	0.35623532666460694	0.4220446438905878	0.8971378766247029
partner_pair	closeness_positive	sharedreward	192	384	0.5225712077865388	0.5460451349968736	0.9976173773875842
partner_pair	closeness_positive	trust	192	384	0.5325781116168687	0.5606761794239453	0.9962064283746292
partner_pair	closeness_positive	common	192	768	0.26877245521754173	0.36810131120575273	0.9456673415381359
partner_pair	closeness_negative	sharedreward	192	384	0.5214493820908301	0.5405658332187437	0.9972723830518713
partner_pair	closeness_negative	trust	192	384	0.4071000740549832	0.45249655184435045	0.9915387872558262
partner_pair	closeness_negative	common	192	768	0.21746572132277175	0.2852675469520261	0.9717824401425522
partner_pair	valence	sharedreward	192	384	0.7644513372283283	0.767467372123038	0.9990015235290849
partner_pair	valence	trust	192	384	0.5815993559143368	0.6195790078013698	0.9915766907874233
partner_pair	valence	common	192	768	0.34092245256895837	0.4135800407950918	0.9532030773384733
