train_tasks	test_task	scope	true_class	predicted_class	n_maps	n_participants
sharedreward	sharedreward	pairwise	computer	computer	44	165
sharedreward	sharedreward	pairwise	computer	friend	68	165
sharedreward	sharedreward	pairwise	computer	stranger	53	165
sharedreward	sharedreward	pairwise	friend	computer	60	165
sharedreward	sharedreward	pairwise	friend	friend	55	165
sharedreward	sharedreward	pairwise	friend	stranger	50	165
sharedreward	sharedreward	pairwise	stranger	computer	45	165
sharedreward	sharedreward	pairwise	stranger	friend	56	165
sharedreward	sharedreward	pairwise	stranger	stranger	64	165
sharedreward	trust	pairwise	computer	computer	44	165
sharedreward	trust	pairwise	computer	friend	62	165
sharedreward	trust	pairwise	computer	stranger	59	165
sharedreward	trust	pairwise	friend	computer	38	165
sharedreward	trust	pairwise	friend	friend	60	165
sharedreward	trust	pairwise	friend	stranger	67	165
sharedreward	trust	pairwise	stranger	computer	41	165
sharedreward	trust	pairwise	stranger	friend	64	165
sharedreward	trust	pairwise	stranger	stranger	60	165
trust	sharedreward	pairwise	computer	computer	62	165
trust	sharedreward	pairwise	computer	friend	52	165
trust	sharedreward	pairwise	computer	stranger	51	165
trust	sharedreward	pairwise	friend	computer	41	165
trust	sharedreward	pairwise	friend	friend	59	165
trust	sharedreward	pairwise	friend	stranger	65	165
trust	sharedreward	pairwise	stranger	computer	51	165
trust	sharedreward	pairwise	stranger	friend	62	165
trust	sharedreward	pairwise	stranger	stranger	52	165
trust	trust	pairwise	computer	computer	41	165
trust	trust	pairwise	computer	friend	73	165
trust	trust	pairwise	computer	stranger	51	165
trust	trust	pairwise	friend	computer	45	165
trust	trust	pairwise	friend	friend	79	165
trust	trust	pairwise	friend	stranger	41	165
trust	trust	pairwise	stranger	computer	43	165
trust	trust	pairwise	stranger	friend	73	165
trust	trust	pairwise	stranger	stranger	49	165
sharedreward+trust	sharedreward	common	computer	computer	47	165
sharedreward+trust	sharedreward	common	computer	friend	65	165
sharedreward+trust	sharedreward	common	computer	stranger	53	165
sharedreward+trust	sharedreward	common	friend	computer	59	165
sharedreward+trust	sharedreward	common	friend	friend	54	165
sharedreward+trust	sharedreward	common	friend	stranger	52	165
sharedreward+trust	sharedreward	common	stranger	computer	50	165
sharedreward+trust	sharedreward	common	stranger	friend	58	165
sharedreward+trust	sharedreward	common	stranger	stranger	57	165
sharedreward+trust	trust	common	computer	computer	44	165
sharedreward+trust	trust	common	computer	friend	69	165
sharedreward+trust	trust	common	computer	stranger	52	165
sharedreward+trust	trust	common	friend	computer	37	165
sharedreward+trust	trust	common	friend	friend	72	165
sharedreward+trust	trust	common	friend	stranger	56	165
sharedreward+trust	trust	common	stranger	computer	35	165
sharedreward+trust	trust	common	stranger	friend	79	165
sharedreward+trust	trust	common	stranger	stranger	51	165
